answer_id,question_id,question_title,content,excerpt,publish_time,created_time,updated_time,author_name,author_url_token,author_headline,author_follower_count,voteup_count,comment_count,thanks_count,keyword_searched,topic,answer_url,crawled_at
1018679947,35016848,为什么女孩子存在恐婚 恐育？,当你还在上学，不用被现实逼着考虑结婚生育的时候，爱情是很美好的，像电影里一切都充满希望。交过几个温柔的男朋友，但在当时，他们也只是还没有走出校园的孩子，柏拉图式的爱情没有柴米油盐的琐碎，没有房车的重担。你们之间各种细腻的小情绪都可以被关注，被重视。爱情有着理想化的轻松和热烈，干净和纯粹。后来你被扔进社会上独自摸爬滚打，渐渐识别了生活的真面目。原来你来人间一遭，需要从万众宠爱的小公主，变成别人的贤妻和良母。需要在他未睡醒的早晨为他做饭，然后一遍遍叫他起床顺便忍受一下起床气，需要在他打游戏的时候去洗碗扫地拖地，需要在他躺在沙发上嗑瓜子吃水果的时候去洗衣服，需要在他吃瓜果零食碎屑掉一地的时候去清理地毯，需要在他上完厕所抽完烟后去刷马桶清理烟头，需要在餐桌上听他抱怨说饭菜不可口，需要半夜看他和网红脸异性朋友聊大尺度话题，需要半夜听他异性朋友打电话来说哥哥我好迷茫呀怎么办，需要经常听他抱怨你吃得多长得胖不好看赚的少……这仍然是在恋爱阶段，不同于往常的是你已经是所谓大龄了，身边的朋友陆陆续续地结婚，你已经不记得份子钱随出去多少。尽管你也才刚走出校园，只是书读的多了点，学历高了点。不用父母的催促，你已经有点慌了。你怕时间就这样一天天过去而你再也等不到想要的爱情。你怕你向现实妥协后遇到的男生心里都有自己的白月光。你怕他们如传闻所说错过了最爱后就变得很随便。你怕你是他们“随便”的受害者。你怕自己没有能力在两个家庭之间协调，你怕他在小家和原生家庭之间的不合适的处理会让你失望，你怕他还没有足够的责任心和成熟度来为人夫为人父。你怕他不够理解你的焦虑，你怕他以为你为他生育的勇气不值一提，你怕他会厌烦生活里的一地鸡毛并怪罪于你。你怕他来知乎提问“为什么女人生完孩子后判若两人？”你怕他从不照顾孩子，你怕他会认为你“带孩子是休息”。你怕他觉得你越来越矫情，你怕他大声吼你。你怕他在外抱着年轻的身体说“你让我有恋爱的感觉”，你怕他对小姑娘说“她没有你好看”，你怕他悄悄地进入陌生人的身体和心里，你怕他越来越多的秘密。你怕你没有能力保护好自己和那个家，你怕你对自己失望。你怕有一天你会觉得孤独终老也没那么可怕。,当你还在上学，不用被现实逼着考虑结婚生育的时候，爱情是很美好的，像电影里一切都充满希望。交过几个温柔的男朋友，但在当时，他们也只是还没有走出校园的孩子，柏拉图式的爱情没有柴米油盐的琐碎，没有房车的重担。你们之间各种细腻的小情绪都可以被关注，被重视。爱情有着理想化的轻松和热烈，干净和纯粹。 后来你被扔进社会上独自摸爬滚打，渐渐识别了生活的真面目。原来你来人间一遭，需要从万众宠爱的小公主，变成别人的…,2020-02-15 18:41:42,2020-02-15 18:41:42,2020-02-15 18:41:42,了不起的凶凶怪,dong-tian-de-pi-mao,,0,38,16,17,恐婚恐育,婚育决策,https://www.zhihu.com/question/35016848/answer/1018679947,2026-06-23 16:06:24
1056288763,35016848,为什么女孩子存在恐婚 恐育？,只能说细节打败一切。青春懵懂的时候羡慕别人成双成对的，渴望爱情，长大了发现，爱情没有保质。恐婚，害怕的是在另一个家庭会被怎样对待，害怕他们背后的议论，害怕他们对以后的干涉，害怕丈夫出轨，害怕自己人老珠黄，害怕娘家不再把自己当亲人，害怕远嫁没有人在身边，害怕太多的不理解，害怕结婚成为必需品恐育，害怕孕期各种反应，害怕生产不顺，害怕身材走样恢复不了，害怕孕期出轨害怕孕期脾气暴躁没人理解，害怕被别人说矫情，害怕一个人带孩子还说什么活都没干，害怕长辈对孩子的影响，害怕自己照顾不好孩子，害怕所有的付出没人在乎所有的害怕，都是没有安全感，没有保障。谁都不能保证不会变，我们害怕嫁到一个不好的家庭，害怕丈夫的不在乎，害怕工作不保，害怕没有人帮自己，更害怕没有人理解，所有的辛苦心酸，没有人看在眼里。,只能说细节打败一切。 青春懵懂的时候羡慕别人成双成对的，渴望爱情，长大了发现，爱情没有保质。 恐婚，害怕的是在另一个家庭会被怎样对待，害怕他们背后的议论，害怕他们对以后的干涉，害怕丈夫出轨，害怕自己人老珠黄，害怕娘家不再把自己当亲人，害怕远嫁没有人在身边，害怕太多的不理解，害怕结婚成为必需品 恐育，害怕孕期各种反应，害怕生产不顺，害怕身材走样恢复不了，害怕孕期出轨害怕孕期脾气暴躁没人理解，害怕被别…,2020-03-04 14:14:42,2020-03-04 14:14:42,2020-03-04 14:14:42,余生,qian-jing-98-73,,4,23,0,16,恐婚恐育,婚育决策,https://www.zhihu.com/question/35016848/answer/1056288763,2026-06-23 16:06:26
1090852836,35016848,为什么女孩子存在恐婚 恐育？,就我个人我主要恐育延伸的恐婚。因为我深知一个女生做一个不婚族比做丁克要容易，所以从源头杜绝后患。因此恐育恐婚恐育也不是因为什么怕痛怕死怕抑郁主要是对自己没有信心，因为原生家庭的缘故，我深恶痛绝我母亲的教育方式，但是我发现我和她的性格是很像的。我被潜移默化了。这点让我意识到我没办法做一个合格的妈妈，我没办法给到孩子需要的爱，因为我自己都是缺爱的。我害怕，如果我在未来教育中变成我母亲的样子，那孩子有多惨。,就我个人我主要恐育延伸的恐婚。 因为我深知一个女生做一个不婚族比做丁克要容易，所以从源头杜绝后患。 因此恐育恐婚 恐育也不是因为什么怕痛怕死怕抑郁 主要是对自己没有信心，因为原生家庭的缘故，我深恶痛绝我母亲的教育方式，但是我发现我和她的性格是很像的。我被潜移默化了。 这点让我意识到我没办法做一个合格的妈妈，我没办法给到孩子需要的爱，因为我自己都是缺爱的。我害怕，如果我在未来教育中变成我母亲的样子，那…,2020-03-19 15:36:09,2020-03-19 15:36:09,2020-03-19 15:36:09,zico,wei-cao-cao-xian-sheng,把一切期待塞进口袋,33,5,2,2,恐婚恐育,婚育决策,https://www.zhihu.com/question/35016848/answer/1090852836,2026-06-23 16:06:28
1152036515,385150298,为什么会恐婚恐孕呢？,主要是恐孕。就是懒，自私，不想牺牲自己的时间精力和金钱而对另外一个人负责任，不想经历生育过程的痛苦和承担生育带来的后果。恐孕是恐婚的大部分原因。在我周围观念还十分传统的当下，为了不生孩子应付家里人已经够累了，我不想再接受另一个家庭甚至是我的伴侣的责难。另一部分原因是我永远无法保证结婚对象是永远忠诚，不会与我产生任何矛盾的。我自己活得就挺好，不想为别人操心。结婚和生育并不是我的责任，也不是我必须选择的事情，我完全可以选择学业的深造和自身各方面的发展，剩下这些时间和精力陪伴家人或者自己到处吃喝玩乐不好吗。至于老年怎么办，我相信那时候已经有一套较为完善的养老机制，或者我会在丧失享受生活的能力之前，让自己体面的死去。身为女性，结婚和生育只是我可选择的权利。,主要是恐孕。 就是懒，自私，不想牺牲自己的时间精力和金钱而对另外一个人负责任，不想经历生育过程的痛苦和承担生育带来的后果。 恐孕是恐婚的大部分原因。在我周围观念还十分传统的当下，为了不生孩子应付家里人已经够累了，我不想再接受另一个家庭甚至是我的伴侣的责难。 另一部分原因是我永远无法保证结婚对象是永远忠诚，不会与我产生任何矛盾的。我自己活得就挺好，不想为别人操心。 结婚和生育并不是我的责任，也不是我必…,2020-04-14 03:26:49,2020-04-14 03:26:49,2020-04-14 03:26:49,Narrenschiff,terror-17,谨言慎行,5,63,18,26,恐婚恐育,婚育决策,https://www.zhihu.com/question/385150298/answer/1152036515,2026-06-23 16:06:31
1299361539,402709882,恐婚恐育是不成熟的表现吗？,不婚是一种可以自主选择的生活方式，成熟的人会为自己的选择而做出努力。越激进越孩子气的喊着，坚决不能踏入爱情的坟墓，最终都会投入到婚姻和家庭里，有的因爱而幸福，有的因焦虑而凄凉。而那些真的独立自主选择不结婚的人群，他们依旧觉得婚姻是幸福的事，孕育下一代是充满希望的事，而他们是真的平和地接受命运的安排，安然地与自己相处，上进努力，有所追求。相信我，他们都忙得很，根本没时间喊口号，也没时间恐婚恐育。所以，享受当下，没有人劝你下一秒就务必向往家庭和婚姻。任何时光在回头看时都是美丽的，哪怕是充满时光。后来回头看也是幸福的,不婚是一种可以自主选择的生活方式，成熟的人会为自己的选择而做出努力。 越激进越孩子气的喊着，坚决不能踏入爱情的坟墓，最终都会投入到婚姻和家庭里，有的因爱而幸福，有的因焦虑而凄凉。 而那些真的独立自主选择不结婚的人群，他们依旧觉得婚姻是幸福的事，孕育下一代是充满希望的事，而他们是真的平和地接受命运的安排，安然地与自己相处，上进努力，有所追求。 相信我，他们都忙得很，根本没时间喊口号，也没时间恐婚恐育…,2020-06-23 18:03:55,2020-06-23 18:03:55,2020-06-23 18:03:55,Dalnty,dalnty,,0,6,1,3,恐婚恐育,婚育决策,https://www.zhihu.com/question/402709882/answer/1299361539,2026-06-23 16:06:34
1307782160,403715375,大部分恐婚恐孕的人都在害怕什么？,1，害怕身边人不给力，生完孩子一地狗血。2，怕经济条件跟不上，一地鸡毛。3，怕付出了没回报，且被嫌弃，尤其是生孩子受尽疼痛和身材变形后。4，怕失去自我价值，只沦为“某某妈”，或者某些人眼中的奶牛或者生育机器。妈妈很伟大，但这个伟大必须基于能选择，而不是所谓被动的“为母则刚”。5，怕疼，怕身材变形。这点比起以上几点，甚至不足为道。,1，害怕身边人不给力，生完孩子一地狗血。 2，怕经济条件跟不上，一地鸡毛。 3，怕付出了没回报，且被嫌弃，尤其是生孩子受尽疼痛和身材变形后。 4，怕失去自我价值，只沦为“某某妈”，或者某些人眼中的奶牛或者生育机器。妈妈很伟大，但这个伟大必须基于能选择，而不是所谓被动的“为母则刚”。 5，怕疼，怕身材变形。这点比起以上几点，甚至不足为道。,2020-06-28 14:29:57,2020-06-28 14:29:57,2020-06-28 14:29:57,山河载酒,shanhezaijiu,世态炎凉冷暖，跌宕起伏坦荡。山河载酒，寻梦里的大同世界！,165,10,1,1,恐婚恐育,婚育决策,https://www.zhihu.com/question/403715375/answer/1307782160,2026-06-23 16:06:36
1457865667,419683302,为什么？人都恐婚恐育，是以什么原因呢？,1、不确定两个人在一起一定会比自己一个人过得更好，包括物质上和精神上2、不确定自己会爱这个人一辈子，也不确定这个人会爱自己一辈子3、现代社会的焦虑情绪，成功（赚更多的钱）已经耗光了我所有的能量，所以不要说结婚，我连对象都不想找4、不确定结婚之后自己的孩子会不会像自己这辈子这么辛苦，有句话叫“寒门再难处贵子”，对未来没有信心，担心自己的孩子做zb的奴隶本人女单身未婚，这就是我目前感受到到的,1、不确定两个人在一起一定会比自己一个人过得更好，包括物质上和精神上 2、不确定自己会爱这个人一辈子，也不确定这个人会爱自己一辈子 3、现代社会的焦虑情绪，成功（赚更多的钱）已经耗光了我所有的能量，所以不要说结婚，我连对象都不想找 4、不确定结婚之后自己的孩子会不会像自己这辈子这么辛苦，有句话叫“寒门再难处贵子”，对未来没有信心，担心自己的孩子做zb的奴隶 本人女单身未婚，这就是我目前感受到到的,2020-09-06 18:01:51,2020-09-06 18:01:51,2022-09-11 18:07:14,走走停停,da-jiang-jie-jie,种完了麦子我就往南走,11,1,0,1,恐婚恐育,婚育决策,https://www.zhihu.com/question/419683302/answer/1457865667,2026-06-23 16:06:38
1467523678,34531357,为什么现在大部分姑娘恐婚、恐育，当年我们的妈妈都是怎么结婚生下我们的？,"我不能代表其他人，只能说说我自己。我不是那么恐婚，可我恐育。因为婚姻对我来说也不过是一纸白书罢了。如果在未来我有幸遇到一个我很爱也很爱我的人，我愿意赌上一把，试着和他迈进婚姻。前提是我会获得更多的开心幸福，以及更高的生活质量。但一旦我发现，我的生活质量下降了，或者是他们的家人/他想让我辞去我的大好前程去当一个全职太太，天天伺候他生活起居，完全没有自己生活的话，我就彻底say bye。我可以大言不惭的说，我不怕以后离婚，我更怕被困在一段无比悲剧甚至毫无生活体验感的婚姻里度过余生。而我恐育的原因就很多了: 我不喜欢孩子。面对一个只会吃喝拉撒睡的吞金兽，再可爱我也喜欢不起来。我也从来就不是一个有耐心好脾气的人。而这样的我，是注定照顾不好一个孩子的。我的原生家庭和童年很不怎么样。我个人的三观和性格也有一定的缺陷，而且我的家族和我本人也都有心理疾病史。虽然我一直努力成为一个温柔阳光的人，可不代表我足够坚强足够温柔去抚养一个孩子长大成为身心健康的人。我没有足够的信心做一个合格的母亲，因为说实话，我不知道合格的母亲是什么样子。所以我不希望他和我遭受一样的痛苦，那些痛苦在我这里结束就好了。和广大恐育的女孩子们一样，我也不想承受生育带来的痛苦。可能对男人们说，生孩子就是一张嘴说说的事。但对于我们来说不是的。从怀胎十月开始，整个人身体肿胀，身材走样变形，揣着一个大西瓜一样的肚子24小时不离身，甚至吃不下饭睡不好觉，如果身体本身柔弱多病的就更是生不如死。生产就更别提了，详细的热评也都说了，我不想再赘述。至于生完孩子以后，先不说我再也回不到原来的身材和样貌，产后抑郁就够我受。我本来就是有抑郁症和焦虑症的心理病史的，产后抑郁估计我大概率也会得的吧。我知道世上有好男人，但太少了，凤毛麟角。又有能力又负责任，对你照顾有加，不出去乱搞只爱一人，不让你经受丧偶式婚姻的这种男人，少之又少。我知道有，但我不确定我能遇到。以上，我觉得这些理由很充分了。至于我父母，我妈妈是非常支持我不生孩子的。我妈妈很爱我，她知道她曾经带给我很多伤害。她同时也知道自己因为生下我所牺牲的一切，她不希望我也这样。她也从来不催我结婚或是谈恋爱，因为她知道为了结婚而结婚会让人付出什么样的代价。而我爸爸虽然也很爱我，但骨子里应该还是多多少少有点大男子主义吧。他总说:“ 什么时候就干什么时候该干的事。” 在他眼里，人生应该是完全规划好的，比如23谈恋爱，27结婚，30生孩子，等等等。但我是个随遇而安的人，我讨厌给人生定下框架。如果一切水到渠成，那很好。如果没有发生，那也无所谓。我曾经和我爸爸说过我恐婚恐育的事。他好像很不高兴我不想结婚生子。他总是说: 以后你老了怎么办，谁养活你？我养活我自己。以我爸妈来举例子，如果他们不生我，他们这辈子的财富简直可以给他们比现在好上很多很多的生活。那我何必生孩子呢。他还说: 你现在不想，以后就想了。那就等以后的吧，反正现在不想。他就没有其他的话了，因为他知道我任性又不受控制，还有我骨子里就不是一个随大流的人，从小就不愿意被束缚，非常有自己的想法和主见。所以他知道，他管不了我。至于那些说什么结婚生孩子才是人生真谛，否则活着没有意义的人(狗屎)，我只想说: I’m pretty, I’m happy, and I’m fucking rich. 老娘就算不找对象，也比那些草草结婚，凑合着过日子的人幸福的多。",我不能代表其他人，只能说说我自己。 我不是那么恐婚，可我恐育。 因为婚姻对我来说也不过是一纸白书罢了。如果在未来我有幸遇到一个我很爱也很爱我的人，我愿意赌上一把，试着和他迈进婚姻。前提是我会获得更多的开心幸福，以及更高的生活质量。 但一旦我发现，我的生活质量下降了，或者是他们的家人/他想让我辞去我的大好前程去当一个全职太太，天天伺候他生活起居，完全没有自己生活的话，我就彻底say bye。 我可以大言不惭的…,2020-09-11 16:32:26,2020-09-11 16:32:26,2021-08-22 19:11:24,高艺霖,an-xiao-bei-64-15,设计 心理,854,301,72,148,恐婚恐育,婚育决策,https://www.zhihu.com/question/34531357/answer/1467523678,2026-06-23 16:06:40
1576472496,387324306,真的有很多的00后恐婚，恐孕吗？,是的。先说原因：我觉得一切都能用值不值来衡量，而我想要高质量的生活状态我今年九月刚过完18岁生日。其实关于这个问题我想了很久，我为什么会恐婚恐育？首先，我不排斥恋爱，还很喜欢去认识不同的男生。我的恐婚其实就是———害怕随随便便地结婚。我觉得结婚最大的好处应该是能给我带来一个能同甘共苦的伴侣，一起承受生活。但是随便的婚姻只能给我一个日久生厌的人以及双倍的生活压力，我必须承担两个家庭的责任而没有婚姻的幸福。那我干嘛去犯贱给自己寻不快啊？未婚的自由自在多么可爱至于恐育，对于女性而言，我觉得生育就是拿自己身体健康、生活质量、事业前途的严重减损来换取一个新生命的诞生。而对我来说，这些东西恰恰都位列我的“生活最重要的东西榜单”之中。那么我愿不愿意交换呢？——看情况什么漏尿、腹直肌分离、产后抑郁、身材走形，没有人不怕吧？天天半夜哄睡、照顾小孩精神恍惚心力交瘁很常见吧？休产假带小孩直接与事业严重脱节、因为孩子工资减少，晋升被搁置、甚至直接辞职变全职太太的情况也屡见不鲜小孩长大了，我又要花很多时间去陪伴教育ta，花很多钱送ta去上学、报兴趣班、不委屈ta给ta买各种优质的生活用品。可能以后还要出个国又花好几十几百万。我自己都养不活自己捏，还要对别人负这么大的责任吗？我本身是不喜欢小孩的，长得可爱又乖巧的小孩我更喜欢在网上看看感慨一下，而不用感受带孩子的各种屎尿屁问题。就像撸人家的猫猫狗狗还不用负责喂饭铲屎的那种快乐。所以如果我真的生小孩只可能是因为：我真的爱死我的伴侣，愿意为他放弃掉我生活中大半数珍视的东西。不过可能也会收获很多幸福啦这样的人也太难找了吧哈哈！根本没信心遇到我能愿意为他生孩子的神仙男生～所以又回到第一个问题，恐婚。我绝对不可能随便就结婚。要不遇到一个良配，要不就不结婚呗。孝顺父母方式有很多种，干嘛非要结婚生孩子？话说结婚后领养也很好呀～我最爱的人是自己。生活中已经有很多不幸了，我要给自己带来幸福。,是的。先说原因： 我觉得一切都能用值不值来衡量，而我想要高质量的生活状态我今年九月刚过完18岁生日。 其实关于这个问题我想了很久，我为什么会恐婚恐育？ 首先，我不排斥恋爱，还很喜欢去认识不同的男生。 我的恐婚其实就是———害怕随随便便地结婚。我觉得结婚最大的好处应该是能给我带来一个能同甘共苦的伴侣，一起承受生活。但是随便的婚姻只能给我一个日久生厌的人以及双倍的生活压力，我必须承担两个家庭的责任而没有婚…,2020-11-15 11:13:16,2020-11-15 11:13:16,2020-11-15 14:09:05,林子漙ya,zong-he-80fen,,4,8,0,4,恐婚恐育,婚育决策,https://www.zhihu.com/question/387324306/answer/1576472496,2026-06-23 16:06:42
1619246690,433976454,如果女朋友恐育你会怎么想？,我曾经也恐婚恐育，但是现在我很喜欢我的婚姻，也很想和他有两个孩子。首先，题主，你们要不要结婚，要不要孩子，是你们两个人的事情，你不需要去知道别人对这件事情的看法，更不需要触及到男权女权，也不需要觉得爱就要跟随，或者你不和你的女友一样的想法就是不爱她，或者她没有为了你改变想法是她不爱你。我们作为个人，有任何想法都是再正常不过的事情了，并不需要去影响别人，或者被别人影响。恐婚恐育不是“前卫/潮流”，想要结婚生子也不是“传统”，是每一对有爱的人在深思熟虑过后共同选择的生活方式，恐婚恐育也好，结婚生子也好，生活中照样逃避不开责任和困难，该有的都会有，只是以不同的形式罢了。我恐婚恐育，跟任何人都没有关系，我不会去说服和我想法不一样的人有孩子和结婚有多么恐怖，我不需要队友来支持我的人生选择，因为这是我的选择。比如，我就很奇怪有的人在网上说，“我穿衣（不穿nei衣）自由啊，我希望国内早点实现穿衣自由”，我就觉得很搞笑，你自己的想法，自己的个性，为什么要通过别人和你做一样的事情来实现价值，你不穿bra在任何场合都不尴尬是你的事情，别人认为在某些场合就不应该穿着凸点的衣服去参加也完全没问题啊，然后还一直强调国外blabla，我在国外这么久，只见过严肃场合果体抗议被保安抬走的，从未见过站在发言台上凸着点的。就是，你怎么做是你的事情，别人怎么想也跟你没关系。根本不需要寻找认同，赞美和骂名都改变不了你（某一阶段）的观点，这才是真正的“自由”，自由不需要别人给你，更不需要要求别人认同，内心的自由，跟别人怎么样无关。作为曾经也是恐婚恐育的一员，我觉得题主与其在这里问怎么办，怎么看，不如了解一下：1，一个人对婚姻生育的认知，很多时候都受到原生家庭的影响，比如我，小时候爸妈很忙，我的童年是和爷爷奶奶度过的，我的爷爷奶奶感情非常好，但是我对年轻人的婚姻和感情生活是比较陌生的，所以我恐婚恐育是我不能理解这种关系。有的人的原生家庭比较不幸福，比如家庭暴力，也会让孩子对婚姻生育产生恐惧。2，还有一些，可能本身童年经历影响的。我还看到过别人动手动脚，那时候还很小，后来慢慢明白了，就觉得那个人很坏，很不幸，那个人是男性，于是我内心对异性本来没有多少概念的认知里，更觉得他们不好了。再后来，我出国，碰到过一些暴lu狂，虽然隔着一段距离，但在我的认知里，我已经对男性没有多少好感了，我觉得他们不够聪明，幼稚，而且进化得好像也不咋地。当然现在我已经没有这种极端的想法了。3，人有时候，为了追求独特，会追随一些&#34;潮流”，比如“不婚不育”（尤其是还没恋爱的时候），比如“希望别人和我一起不穿nei衣出现在任何场合”，这个倒是比较容易改变，比如，你的家庭很和睦，你很有爱，你对你的女友很好，让她知道，哇，原来男生是可以很有品味的，原来男生是可以那么聪明的，原来男生是可以那么睿智的，原来男生是那么尊重女性的，那么有爱的，这些“假恐”的孩子，会慢慢改变想法。4，人自己的学习和成长，是会慢慢让一个人有更上一步的认知的。想想我的改变，应该是因为两个方面：1，遇到一个对的人，他让我完全放下对男性的偏见，就是那种，哇，原来男生也不是那么不堪嘛，哇，我都忘记我说过的话，他居然还记得，而且付诸行动，哇，原来我和他在一起，我不带脑子都没有关系。原来，我恐婚，他可以七八年如一日地爱着我，我恐婚，他说“啊那就晚点再说吧”我恐育，他说，啊刚好我也觉得小孩子很麻烦，我从不回避我的想法，他也从不纠结我的想法，只会坦诚而轻松地回应，让我既没有因为“小众的想法”而感到内疚，又没有急于要表达深入的想法。结婚的时候，这个城市没有彩礼这一说，但是他会告诉我，你去问你的爸爸妈妈，按照你们那边来，反而是我别别扭扭，那时我还是理想主义者，觉得谈钱很俗很奇怪，我讨厌谈钱，他推着我往前，把这个让我觉得超级棘手的事情解决了。然后，我就觉得，咦，好像和这个男孩子谈结婚，也不是什么可怕的事情嘛，于是我顺便了解了一下嫁妆的事情哈哈。慢慢地，我觉得小孩子也太可爱了，我想要和他有共同的孩子，然后他说，好呀。然后就开始计划我一旦怀孕了，需要请一个阿姨和他一起做饭，月子中心，产后我需要谁陪伴，阿姨怎么安排，即使我们都还没开始真的计划。我说要不去放两个宝宝在肚子里，这样只要生一次就解决了，他惊恐地看着我：还是自然受孕吧，放两个进去，又不自然，而且你会很辛苦的，不行不行。我听着，咦，好像和这个男人生个宝宝，是会得到非常多疼爱和支持的，好像又多了一点勇气。一切都是那么自然。2，我自己的渐渐成长和成熟，我更清楚了，世界很大，不是我看到的那一方小小的天地，就是全世界的样子，这个世界上，可以说，每个人都可以是一个小世界，我不能对任何人一概而论，因为这样对那些陌生人是很不公平的。我也开始更落地地去思考自己的生活，感情和工作。最重要的是，我懂得考虑别人的感受了，如果当时我恐婚恐育，还是男朋友的老公表现出非常难以接受以及不能理解的样子，我一定也不会想要勉强他（对于个人选择，我还是持比较开放的态度），那么我们大概就没有然后了吧（绝对没有赌气的因素）。所以，题主，除了以上因素，题主不如试着去了解她“恐婚恐育”背后，是否有什么你可以去安抚的，她恐不恐那是她的事情，如果爱她，就去了解她，温暖她。当然，你也不用刻意迎合，你自己内心是什么想法，你可以因为爱她而适当调整，但也不必因为爱她，想跟她在一起而去否定自己曾经想法，甚至觉得结婚有孩子就是不应该的事情，大家都有自己的生活，不需要去评判，也不需要委屈自己。如果你要和她一直走下去，不如考虑一下实际问题：你有没有能力，或者你们有没有这个能力去面对未来：比如，你是不是有信心一辈子以她的想法为先，你们是否一辈子都不会后悔自己不婚，丁克。比如，如何面对家人的不解甚至反对，如何用行动让他们对不婚，丁克的你们放心，或者不干涉。比如，当别人谈起婚姻，孩子的时候，你们能不能很好地应对。比如，你们能不能做好不婚丁克的所有准备，无论是精神上，还是物质上，就像结婚生子，需要考虑生产，育儿一样。比如，你今天认同了她，将来有一天突然顿悟，觉得自己凭什么要一辈子跟随她的思维，你会不会后悔？比如，有孩子，你们需要考虑如何教育孩子，如何给ta安全感，让ta将来面对婚姻生育的时候能有应该有的底气；没有孩子，你们也要考虑二老养老的生活，自己养老的生活。等等。并不是哪一种选择，可以让人逃避，也并不是哪一种选择，是非此即彼，好像你今天选择了A，B就大错特错。之类的。你们两人之间的互相适配与否，才是最重要的。爱一个人，给ta足够的底气和安全感，才是最重要的。愿你们都找到最合适的那一个。,我曾经也恐婚恐育，但是现在我很喜欢我的婚姻，也很想和他有两个孩子。 首先，题主， 你们要不要结婚，要不要孩子，是你们两个人的事情，你不需要去知道别人对这件事情的看法，更不需要触及到男权女权，也不需要觉得爱就要跟随，或者你不和你的女友一样的想法就是不爱她，或者她没有为了你改变想法是她不爱你。我们作为个人，有任何想法都是再正常不过的事情了，并不需要去影响别人，或者被别人影响。恐婚恐育不是“前卫/潮流”…,2020-12-09 13:31:43,2020-12-09 13:31:43,2021-02-25 03:57:16,千瑶,gongziqianyao,教培情感类答主。性格暴躁，抄袭必究。私信直说内容否则不回复。,961,47,3,28,恐婚恐育,婚育决策,https://www.zhihu.com/question/433976454/answer/1619246690,2026-06-23 16:06:45
1795283690,450118708,为什么现在越来越多人恐婚恐育？,1 恐婚的，我没见过几个，个人觉得要么是原生家庭影响，要么是受一些网络信息的毒害，或者感情里受过伤……2 剩女们（感觉剩男不多，农村除外）大多可能都没谈过恋爱的吧，说成恐婚，我感觉更多的应该是不知道怎么谈恋爱，甚至30多了都没谈过，或者对爱情过于美好幻想（深受玛丽苏剧情毒害），不愿接受残酷现实吧。特别是相对成功的人群，天天把学习工作挂心头，好像一度丧失了恋爱的能力，或者觉得自己啥都可以做，完全不需要另一半，甚至觉得对方是拖累，慢慢也就失去结婚的需求。3 想吐槽一下国内父母对孩子恋爱的态度：大学（当然初高中更不用说）不准恋爱，好好学习；毕业了，赶紧找个对象回来。结果，没恋爱过的单纯的女孩们仍然抱着公主灰姑娘的梦去找高高帅帅白马王子（本来应该是大学里该感受过的），却不知已走上社会的男孩子们已变得很现实了。女孩的年龄，工作，家庭背景也是男孩子们关注的焦点了。真心希望，国内的父母们能放孩子们一条生路，无论是学业还是婚姻，让孩子们呼吸一下自由的空气很难吗？,1 恐婚的，我没见过几个，个人觉得要么是原生家庭影响，要么是受一些网络信息的毒害，或者感情里受过伤… 2 剩女们（感觉剩男不多，农村除外）大多可能都没谈过恋爱的吧，说成恐婚，我感觉更多的应该是不知道怎么谈恋爱，甚至30多了都没谈过，或者对爱情过于美好幻想（深受玛丽苏剧情毒害），不愿接受残酷现实吧。特别是相对成功的人群，天天把学习工作挂心头，好像一度丧失了恋爱的能力，或者觉得自己啥都可以做，完全不需要…,2021-03-23 05:38:19,2021-03-23 05:38:19,2021-03-23 05:38:19,觉醒的肥猫,jue-xing-de-fei-mao-99,保持热爱，奔赴山海！,210,6,2,1,恐婚恐育,婚育决策,https://www.zhihu.com/question/450118708/answer/1795283690,2026-06-23 16:06:48
1983282227,467581964,恐婚育怎么办？,简单用逻辑分析一下就明白了啊。恐婚恐育为什么还要谈男朋友？这不是怕什么就非要去干什么吗？人都是趋利避害的，嘴上说自己恐婚恐育又不停交男朋友的人有以下几种:1，被网上的极端案例吓到了，她虽然现在会害怕，但也心里明白自己早晚要结婚生子。这种问题不大，适当引导，并去医院找医生谈谈通常可以解决。2，被网上的田园女权洗脑了，例如我骨开十指生的孩子凭什么随你的姓，例如生育是对女人最大的剥削等等。这种的最终目的是夺取利益，有可能是金钱，房子，也可能是对她无底线的妥协。3，没打算结婚的不婚主义，谈恋爱就是享受当下，但这种通常会事先说清楚。4，不是恐婚恐育，只是不想跟你结婚生孩子，你还没达到她的生育标准，说恐婚恐育让你们两个没那么难堪。,简单用逻辑分析一下就明白了啊。 恐婚恐育为什么还要谈男朋友？这不是怕什么就非要去干什么吗？ 人都是趋利避害的，嘴上说自己恐婚恐育又不停交男朋友的人有以下几种: 1，被网上的极端案例吓到了，她虽然现在会害怕，但也心里明白自己早晚要结婚生子。这种问题不大，适当引导，并去医院找医生谈谈通常可以解决。 2，被网上的田园女权洗脑了，例如我骨开十指生的孩子凭什么随你的姓，例如生育是对女人最大的剥削等等。这种的最终…,2021-07-07 01:27:39,2021-07-07 01:27:39,2021-07-07 01:27:39,笑然,xiao-san-qian-69,做一个说真话的人，尽管真话往往很难听。,8030,1,1,1,恐婚恐育,婚育决策,https://www.zhihu.com/question/467581964/answer/1983282227,2026-06-23 16:06:51
1996965251,467581964,恐婚育怎么办？,作为一个恐婚恐育的女性，我不太赞同其他答主“你着急了，不该讨论这个问题”的想法。婚育大事，和三观一样。如果不合适，早日分手做朋友，别想着改变谁，别想着先培养感情，只会分开得更痛苦，或者落下一身埋怨。再说了，你们都是大学生，第一次谈恋爱，对未来有所期待是正常的。尤其是没有恋爱经验的孩子们，一开始就奔着结婚成家的目标去，确实不是最精明的做法，但却执着真实得可爱。我和你女朋友恐婚恐育的原因很类似，所以来从我的角度来回答一下吧。~~~~~~~~~~~~~~~~~~~~~~~~~~~~~~我恐婚是因为看不到婚姻制度的意义。相爱的人在一起生活，并不需要一纸婚约来约束吧？婚姻将两个人甚至两个家庭的财产结合、法律意义上的身份、医学上的权利结合在了一起。可是我真的不想要别人的钱，别人请我喝杯水我还要想着还呢，在努力变成*博士的我也不想被称呼为*太太，我也不想让别人决定救不救我，我也不敢决定该不该救别人。所以我并没有看到婚姻对于感情的必要性。再加上我身边没有什么婚姻生活幸福的例子。永远是充满了埋怨，充满了不健康的付出和操控。但是话说回来，我也不怪罪婚姻制度，它在我看来是有些鸡肋，但是我也没打算在感情里不忠，所以也不是完全拒绝婚姻的。因此，如果有一个人在恋情一开始的时候，就将婚姻当成一个目标，那我会和他说好，在我看来这个方向是可以的，但是我不敢给你一个保证。可能你想着谈两年毕业以后结婚，而我想的是毕业以后一起生活，真的成为彼此生活里不可割舍的一部分，我们再聊婚姻。如果在一起生活个两年三年，相互变成了可有可无的人，我可不会管沉没成本，可别结婚了。我恐育的程度要远远大于恐婚。先不说我的身体条件，医生见到我都要倒吸一口气。假设我有能力真的整个孩子出来。我害怕对孩子负不起责任。我可以努力保证给ta一个好的生活条件，做一个开明、毫无保留的妈妈。但是我不能保证这个世界会变成什么样子。这个世界上存在着有冲突、不公平、伤害、阴暗的角落。我的孩子大概和我脑回路是很像的，那这个孩子绝对会问我，为什么要把ta带到这个世界上，这个孩子很有可能在精神层面上是不幸福的。而我在没有看到这个世界的绝对美好之前，无法做出这个保证。我更希望能够收养几个孩子，当然，这个想法和自己生孩子并不冲突。你的女朋友也是一样吧，她还在读书，没有工作赚钱，没有自己出去旅行过，过去的生活经历并不是非常开心，自己也没有能力去体验什么开心的事情，你让她怎么脑子一热告诉你，愿意带一个新生命来这个世界上呢？~~~~~~~~~~~~~~~~~~~~~~~~~~~~~~我看到有的回答里在说，哇这个人恐婚恐育但是不恐男？这其实是个很好的问题，也是题主你应该考虑一下的问题。我之前有一丢丢恐男，也是因为身边接触了太多奇葩，总是用结婚生孩子来和我开玩笑，刚认识第一天就说什么“我妈喜欢你，说你能生儿子”，“大学毕业以后就结婚，你读研期间生第一胎，研究生毕业再生一个，你工作了，他们都上幼儿园了”之类的…后来觉得，我又不打算结婚又不打算生孩子，那我干嘛要和一个男生谈恋爱，耽误人家又让我自己害怕？所以我在并不想谈恋爱的情况下遇到了一个男生。他其实在很多非常重要的元素里，并不符合我对于生活伴侣的期待；但是在很多方面，又非常完美。他的生活背景里，不存在对于婚姻的执念，所以即使他非常想结婚，也不会将这件事当成一个目标来，身边的长辈也不会催。他个人对于生育也是没有兴趣的，还在观察这个世界的走向。其实越是这种让人纠结的存在，就越是让人珍惜。你和你女朋友现在看来，有着不可调和的思想冲突，但是她也是真喜欢你，才会愿意谈恋爱。但是这不代表这段感情真的能走得很远。你的提问里说过，总说要给她安全感。但是这个安全感怎么给，谁都不知道。其实最大的安全感，就是告诉她，你真的听到了她的想法，你真的明白她是什么意思，而不是时时刻刻提醒她，你们有这个不同的想法。坐下来，真的一起去讨论一下对于婚姻和生育的看法。不要想着去改变谁，改变是有可能的，但是会很累。有心理阴影的人，短短几年的快乐不能改写十几年的不快乐，一个小小的事情就可能会引起一串不开心，阴影重现。如果你的目的地是大海，她的目的地是绿洲，那你们真的要做好这个心理准备，在必要的时候，绝对会分道扬镳。如果愿意走下去试一试，就不要动不动的提出这件事，只会让彼此再开始纠结。说不定某一天，你们的感情给足了她安全感，她也会考虑其他的选择；说不定某一天，你也想开了，和她在一起就足够了。祝好~,作为一个恐婚恐育的女性，我不太赞同其他答主“你着急了，不该讨论这个问题”的想法。 婚育大事，和三观一样。如果不合适，早日分手做朋友，别想着改变谁，别想着先培养感情，只会分开得更痛苦，或者落下一身埋怨。再说了，你们都是大学生，第一次谈恋爱，对未来有所期待是正常的。 尤其是没有恋爱经验的孩子们，一开始就奔着结婚成家的目标去，确实不是最精明的做法，但却执着真实得可爱。 我和你女朋友恐婚恐育的原因很类似，…,2021-07-14 01:10:36,2021-07-14 01:10:36,2021-07-14 02:06:11,啃华夫饼的Silvia,silvia-www,又溜了拜拜   给大家提前拜个年哈哈哈,6845,3,8,5,恐婚恐育,婚育决策,https://www.zhihu.com/question/467581964/answer/1996965251,2026-06-23 16:06:53
2041216172,477505315,为什么很多女孩子恐婚恐育？,恐婚就是怕遇不到那个不值得的人，如果婚后生活都没单身过得幸福，那干嘛还结婚？恐育是因为生孩子很痛，痛不痛无所谓，因为这是每个女生都该经历的，就怕遇到那种你为他从鬼门关走一趟而生出的孩子的老公，他却觉得生孩子这件事理所当然，婚后依然对你不好，如果遇到那种懂得体谅你生孩子的辛苦，你也懂得他工作上的不如意，各自退一步海阔天空，这样的婚烟也挺好再者就是经历得多了，看得也多了，觉得婚烟不是必需品，有时候自己一个人过也挺好,恐婚就是怕遇不到那个不值得的人，如果婚后生活都没单身过得幸福，那干嘛还结婚？恐育是因为生孩子很痛，痛不痛无所谓，因为这是每个女生都该经历的，就怕遇到那种你为他从鬼门关走一趟而生出的孩子的老公，他却觉得生孩子这件事理所当然，婚后依然对你不好，如果遇到那种懂得体谅你生孩子的辛苦，你也懂得他工作上的不如意，各自退一步海阔天空，这样的婚烟也挺好 再者就是经历得多了，看得也多了，觉得婚烟不是必需品，有时候…,2021-08-05 10:55:52,2021-08-05 10:55:52,2021-09-25 12:06:25,叶青羽,bo-he-tang-de-chun-tian,网络写手,520,1,0,0,恐婚恐育,婚育决策,https://www.zhihu.com/question/477505315/answer/2041216172,2026-06-23 16:06:55
2049587057,34531357,为什么现在大部分姑娘恐婚、恐育，当年我们的妈妈都是怎么结婚生下我们的？,现在是2026年三月，回答完这个问题，时隔五年，我已经为人妻为人母！生完孩子，做完月子，我发誓，以后我要是劝人结婚生子，我天打雷劈！我很爱我的孩子，我也不后悔生下她，但是，如果可以重来一次，我还是不想结婚！生育的损伤，并不单单是我当时想的那么简单！产后荨麻疹，湿疹，破破烂烂的身体，风一吹就会疼的头，那些说不上来又时时刻刻存在的不舒服，这还是最微弱的。婆媳关系的恶化，老公一味向着家里人的无奈，自己把自己逼到重度抑郁的绝望。无一不在折磨着现在的我。可是，孩子不能没有妈妈，所以我解决不了现在的困局！我只能咽下所有委屈，痛苦，去抱我那个因为父母争吵哇哇大哭的孩子！人生的无奈，在于明知道那条路多难走，却依然要走上去！！！分界线，以下为原回答！----------------------------------------------------25岁，适婚年龄，有一个谈了七年的男朋友，但是最近，想结婚的念头越来越微弱了我陪我嫂子，从怀孕到生娃，到娃已经两岁，到现在，二胎马上出生我亲眼看着她，从一个小姑娘，变成了一个妇女没有了自己的生活，一切围着孩子转，看着我哥，每天为了生活，不得不应酬到晚上三四点我听她生孩子时候的撕心裂肺，看到她带孩子时候不修边幅，不眠不休，自己永远睡不了一个好觉，吃不了一顿完整的饭我看着我们同事，为了孩子，找保姆，一个又一个的换，经常请假不能来上班我看着我们项目经理因为孩子上学，拿出了多年的积蓄，卖车凑钱我看着我们部长给孩子报辅导班，一个月就一两万我看着我爸妈为了大哥结婚的彩礼钱，东拼西凑，低声下气，没日没夜的干活我看着我爸妈形似陌路的关系，看着我妈和公婆势如水火的关系，看着我爸和岳父母表面样子的关系我听着七大姑八大姨责备我妈没好好伺候爷爷奶奶的声音，明明姥姥姥爷也已年迈，也需要儿女伺候啊，我妈却只能打个电话问候一下，偶尔去看一眼，可是那才是生她养她二十几年的父母啊。说句自私的话，我的爷爷奶奶，跟她有什么关系呢？不过是人之道德罢了。我害怕结婚，害怕生孩子。我怕那种要去极力融入一个不熟悉的圈子的感觉，我怕那种工作了一天回到家还要不停的忙碌的感觉，我怕那种不自在的感觉，我怕那种被别人的七大姑八大姨问来问去的感觉，我怕自己尽心尽力伺候别人的父母，而我的父母却老无所依我怕十月怀胎的狼狈，我不想满脸雀斑，一肚子妊娠纹，满身肥肉，我怕冰冷的仪器进入身体，我讨厌脱光躺在床上被人翻来覆去检查的感觉，我怕十级阵痛，我怕孩子没日没夜的啼哭，我怕我再也吃不了一顿完整的饭，我怕我未来的日子捉襟见肘，抠抠搜搜但是我知道，我很可能不能免俗，我可能还是会结婚生子，吵吵闹闹，摔碟子拌碗，奶粉尿不湿的过完这一生人生最可悲的，不就是明知道是苦难，还得一步步的往下走嘛恐婚恐育，人之常情，希望伴侣可以理解并尊重，可以一起面对，将恐惧打败。,现在是2026年三月，回答完这个问题，时隔五年，我已经为人妻为人母！ 生完孩子，做完月子，我发誓，以后我要是劝人结婚生子，我天打雷劈！ 我很爱我的孩子，我也不后悔生下她，但是，如果可以重来一次，我还是不想结婚！ 生育的损伤，并不单单是我当时想的那么简单！产后荨麻疹，湿疹，破破烂烂的身体，风一吹就会疼的头，那些说不上来又时时刻刻存在的不舒服，这还是最微弱的。 婆媳关系的恶化，老公一味向着家里人的无奈，自己…,2021-08-09 13:13:14,2021-08-09 13:13:14,2026-04-01 01:12:17,毛头小玉米,mao-tou-xiao-yu-mi,丧 秃头 95后,51,60,22,40,恐婚恐育,婚育决策,https://www.zhihu.com/question/34531357/answer/2049587057,2026-06-23 16:06:58
2143292066,489324007,目前有对象，挺喜欢的，但是一谈到结婚就很害怕，恐婚又恐孕，怎么办，简直想出家了?,正常心理，我也恐婚恐育，结果现在宝宝一岁多了。如果恐惧，那就交给时间吧，过两年就好了。一切顺其自然，最好的自己留给最后的人。我们无法消除恐惧，只能克制恐惧 。并不是不爱，有可能是爱的太深，认真的对待这份感情,正常心理，我也恐婚恐育，结果现在宝宝一岁多了。如果恐惧，那就交给时间吧，过两年就好了。一切顺其自然，最好的自己留给最后的人。 我们无法消除恐惧，只能克制恐惧 。并不是不爱，有可能是爱的太深，认真的对待这份感情,2021-09-27 12:08:34,2021-09-27 12:08:34,2021-09-27 12:08:34,辰菲心语,mo-ban-jie-ming-29,一个贩卖情感的打工者,103,5,1,0,恐婚恐育,婚育决策,https://www.zhihu.com/question/489324007/answer/2143292066,2026-06-23 16:06:59
2207956423,496738555,为什么很少听到男生说恐婚恐育？,首先，男的也会有恐婚恐育的人群存在，只不过确实相较于女性，男性恐婚恐育的群体会更少一点。导致这种情况的原因，个人觉得，很大概率是在婚育过程中，通常是女性依赖男性（导致这种情况的原因主要是男女生理的差别、心理差别以及社会习惯等），当一方依赖于另一方的时候，其所要担心及考虑的因素会远大于不需要依赖另一方的人。当考虑的因素的多了以后，所要承担的风险也会更大，自然而然的，女性恐婚恐育的群体会远大于男性。,首先，男的也会有恐婚恐育的人群存在，只不过确实相较于女性，男性恐婚恐育的群体会更少一点。 导致这种情况的原因，个人觉得，很大概率是在婚育过程中，通常是女性依赖男性（导致这种情况的原因主要是男女生理的差别、心理差别以及社会习惯等），当一方依赖于另一方的时候，其所要担心及考虑的因素会远大于不需要依赖另一方的人。当考虑的因素的多了以后，所要承担的风险也会更大，自然而然的，女性恐婚恐育的群体会远大于男性。,2021-11-05 07:10:00,2021-11-05 07:10:00,2021-11-05 07:10:00,夜君子,ye-jun-zi-91,行到水穷处，坐看云起时。,24,1,0,2,恐婚恐育,婚育决策,https://www.zhihu.com/question/496738555/answer/2207956423,2026-06-23 16:07:02
2253172305,502891137,为什么优质女性都不喜欢结婚生孩子了？,不是！仅仅是在中国的大多数优质女性不喜欢结婚生孩子。甚至都不需要你是个优质女性，只要你是个独立的女性，家里没矿，稍微有点脑子，你都会恐婚恐育。原因太扎心，那就是：成本太高！无论是工作，还是婚姻，还是育儿，成本都太高！有了工作，没时间维护情感和婚姻，更没时间精力去好好养育自己的子女。有了婚姻，要考虑夫妻间情感，婆家关系，七大姑八大姨，是否要育儿，婚后丈夫是否能保持忠诚，是否会嫌弃你不顾家。。说点现实的：丈夫如果同等水平或超越你，臭不要脸小姑娘们排队做三（因为社会对男人的定位就是Provider！谁能挣钱谁吃香），如果丈夫不如你，你又要考虑是否应该提携他？他挣了钱会不会白眼狼（林生斌那样的男人不是少数，只是有没有机会罢了！）？或者他会不会觉得不如老婆能干，没面子？这种我也见多了！没本事挣钱，在家火儿还不小。再有了孩子？产假期间你就丧失了工作上的优势，回归工作后要比以前更拼才能站稳脚步。那孩子谁管？父母？公婆？保姆？咦？为什么孩子他爸一般不在选项内？？？由于孩子而产生的多余家务谁做？孩子的教育，身心健康，育儿必须付出的陪伴，亲子关系，怎么办？谁怀孕时就打定了主意不要做个好妈妈的？身体变虚弱，晚上睡眠没保障，身材走形，疲惫到情绪失控，所以老公出轨可以出的理直气壮。没有自己的时间，没有自我，你不再是自己，你是XX妈，你都忘了自己以前内衣都要搭配的精致，哪件胸衣没奶渍就凑合穿哪个吧！但优质男性无需面临同等的问题。因为中国人现在对优质男性的唯一评判就是他能不能挣钱。他顾家吗？Who cares?他是个负责的父亲吗？又不是我爹关我鸟事？他在家是否情绪稳定？反正冷热暴力都是人家家务事！他回家不打扫卫生，脏衣服乱扔，不会做饭，回家就打游戏，好像一个会呼吸的大型家具，在外面跟小姑娘打情骂俏，勾三搭四。。他是男人嘛！我可去你的吧。。那如果一个女人，能赚钱，风流，不会做家务，不顾家，情绪不稳定，顾不上孩子，或者不想要孩子，工作常请假。。这里面沾上一条，你别说什么打南拳的，就是她妈都会骂死她！我在海外生活那么多年了，身边的优质女性全部都是抢手货！人家遇到合适的，也都不会恐婚恐育，大多数人都是顺其自然。因为我们这边对男女的要求是非常平等的，哪怕有一方不能忠于婚姻，财产分配也是以孩子为重！所以不就是感情不和？没有人因为怕离婚，怕被骗，怕被吸血，怕丧失自己的主动权，丧失事业，而去避免婚育。因为没必要！因为婚姻双方，无论性别，有一方没有在婚内付出该负的责任，只要你稍微有点自我保护意识，在离婚那天，法律都会帮你讨回来的。,不是！仅仅是在中国的大多数优质女性不喜欢结婚生孩子。 甚至都不需要你是个优质女性，只要你是个独立的女性，家里没矿，稍微有点脑子，你都会恐婚恐育。 原因太扎心，那就是： 成本太高！ 无论是工作，还是婚姻，还是育儿，成本都太高！ 有了工作，没时间维护情感和婚姻，更没时间精力去好好养育自己的子女。 有了婚姻，要考虑夫妻间情感，婆家关系，七大姑八大姨，是否要育儿，婚后丈夫是否能保持忠诚，是否会嫌弃你不顾家。。…,2021-12-02 07:34:50,2021-12-02 07:34:50,2021-12-02 08:10:32,筑乔,ludust,私信交友一律不回。有事直说，不要瞎客套。,14960,90,26,15,恐婚恐育,婚育决策,https://www.zhihu.com/question/502891137/answer/2253172305,2026-06-23 16:07:05
2311620047,506734034,本人女25岁了，有男友在一起三年了，但是提到结婚就很反感，有点恐婚恐育怎么办？,只是你从对方身上还看不到值得现在步入婚姻的优点；和对方相处一段时间有什么东西你接受不了你可以提议然后慢慢互相改变，步入一段婚姻大多数害怕也是因为怕对方缺点都呈现出来了，就看看对方愿不愿意和你沟通解决,只是你从对方身上还看不到值得现在步入婚姻的优点；和对方相处一段时间有什么东西你接受不了你可以提议然后慢慢互相改变，步入一段婚姻大多数害怕也是因为怕对方缺点都呈现出来了，就看看对方愿不愿意和你沟通解决,2022-01-15 06:20:27,2022-01-15 06:20:27,2022-01-15 06:20:27,米粒米粒,amily-1-18-1,,3,3,1,0,恐婚恐育,婚育决策,https://www.zhihu.com/question/506734034/answer/2311620047,2026-06-23 16:07:07
2483852563,532591076,报告显示青年群体不婚、晚婚的情势逐渐上升，大胆恋爱、小心结婚、因爱结婚流行，如何评价这一现象？,现在的很多年轻人“恐婚”、“恐育”，这真的不怪他们，也不是他们“不负责任”。事实上，刚好相反，这一代的年轻人比之前的每一代年轻人都更重视“婚姻”。所以才，越“重视”越不敢轻易结婚。周围太多的案例告诉你——婚姻真是爱情的坟墓。本来挺好的一对，一谈婚论嫁就出问题。订婚时、买房时、装修时，分手的情侣比比皆是。且别说小两口了，老四口对于孩子们结婚都恐惧了！我一忘年交的朋友就曾跟我抱怨：“现在的孩子们都太不省心了。亲戚朋友全通知到了，请帖都发了，桌都定了，有的礼都收了，可两人吵个架，这婚说不结就不结了，弄得我们都没法跟人交代！”结婚过程这道坎就拦住了好多人，更别说全天下有多少名存实亡的婚姻在日子里苦苦的挣扎。那这种现象是怎么造成的呢？我们的“感情”为什么这么脆弱了呢？其实维护一段长期的亲密关系，很大程度上取决于你在进入这段关系时的状态。状态１：你自以为你知道你想要什么？个人成熟指数0%—30%，恋爱感觉维持难度 ★★★★★这种情况常见为【招聘型】：“人活在世，有的人活成了面子，有的人活成了里子”。什么是人的“里儿”和“面儿”呢？你脑子里有很多条条框框，对方符合这些条件才有“面试”的机会。这很容易造成我们格外关注一个人的“面儿”。比如我认识的一个小朋友就曾在结婚以后跟我哭诉：“我现在这婚啊是食之无味，弃之可惜。当初我千挑万选地选了这么个样子货。真的前面好几个都比他强多了。怎么办呢？我那时候就看颜值，当时相亲的时候第一眼看见他我就走不动道儿了。妈呀！这男人还能长那么好看呢！”我说先把你口水擦擦再说。“哎，现在哪还留的出口水。结了婚才知道嫁一男花瓶有多悲哀！这结婚才两年，他就天天的在外面花天酒地，孩子他也不管。我这要不是因为孩子，肯定跟他离了！可现在怎么办呢？离也不是，不离也不是。”是啊，悔啊！当初她不是不挑，从20岁相亲一直相到了30岁。可是挑来挑去，却看的都是“面儿”。这里面，核心问题就是她本身【不成熟】！当然除了颜值以外，“面儿”上的东西还有很多，总结一下包括：颜值、三围、穿不穿内增高、打扮品味、票子多少、混哪块儿、猎场层次、认识什么人？平时怎么作、好吃什么、朋友圈、怎么聊、还有其他一些引发两人共鸣的G点。很多人就因为“面儿”上合适，结合得快如闪电。但闪婚就说明两人没时间了解内在的东西。结果呢？大家看到了，闪婚即闪离。这也有数据统计，说交往时间在六个月以下结婚的，离婚率非常高。这现象说明没有深入了解，这婚姻的保质期就是比较短。说了这么多，并不是说“面儿”不重要，相反一段关系上来先考虑“面儿”上是否适合是很必要的。我们身边也有很多例子，为了爱情，为了灵魂上的默契，两个“天差地别”的人走到了一起。婚后却因为哪哪儿都不般配，结果还是离了。所以想问题也别太极端化，只是对应当下的社会风气，确实考虑内在的人越来越少了。那对比“面儿”，“里儿”也很重要。它具体包括——内五观，即：世界观、价值观、人生观，爱情观和婚姻观；他的德行、养大他的人的德行（我不是说话难听啊，德行指道德品行）、是否有悲惨童年、情感创伤史、情绪表达内外一致吗、等等内心世界的一些东西。“面儿”就是一个人的躯体，没有躯体我们就无从谈别的，而“里儿”却是一个人的灵魂。当然我们在恋爱时不考虑内在也不是我们内在没有需要，只不过很多人连自己的“里儿”是怎样的还都不清楚，更别提看别人的内在了。那显而易见，这种状态下结合的婚姻，维持当初的恋爱感觉非常困难。原由1真相：基于外在的了解容易投射，我们容易把对方投射成我们想象的样子。然而婚后在一起生活就原形毕露。这当然怨不得别人，谁让我们想象力那么丰富呢。原因2不成熟：当今社会很多人生理岁数不小了，但心智却还停留在青春期，而且他们的成长环境也没给到他们相应的教育和辅导。这也是为什么这类人在恋爱时那么重视外在，因为她们不懂得怎么考量内在，所以如果连外在标准也降低很多，那岂不是我们就没标准了？原因3客观条件：等不到你心理成熟，你岁数就熟透了。周围逼婚逼得紧，你当然也怕自己成为“剩斗士”，搂草打兔子，万一这个还不错呢。所以凑合的心态，就别期望中彩的几率有多大。那五颗星的难度指数，是不是干脆就放弃了呢？你随便，但我要说明一点。既然核心问题是我们不成熟，那我们就该想想怎么成长？而且我可以负责任的告诉你，在关系中成长是最快的！造成我们不成熟的原因有很多，关键是原生家庭。比如父母包管代替或者不闻不问，总之妈妈的温暖和爸爸的力量都没有内化到我们心里。然而一段即便是要破碎的关系也依然可以帮我们锻炼出这两个能力。另一半在我们的生命里扮演两个角色，一个是对手，一个是队友。对手的意义在于，我们在冲突中不管怎么疼，但是我们也能从对方的角度中看到事情的另一面。这就像父亲，一个好父亲给我们的是解决问题的方法，是从多视角看这个世界。那和一个人冲突实际上也可以达到这种效果。它可以不让我们固守在自己的世界里等死。一句“你真以为别人都像你一样啊！”就足以让你清醒一下的了。队友的意义在于，我们在关系里也在寻求一种陪伴。当我们受伤的时候，对方可以给我们一些安慰、安抚。这就像母亲，一个好母亲是给我们温暖的呵护，受伤时陪伴我们。而哪怕你的队友是像猪一般的队友，关系破裂到给不了你安慰，不落井下石就不错了，那你也可以被激发出一些潜能。你可能会被迫发展出自我安抚的力量。而如果一个人有能力安抚自己，让自己从痛苦走出来，那也就标志着她开始成熟了。接着如果我们能在血与泪的争斗中，成长了、磨合了、升华了！那对方作为对手也就成了我们的羁绊，而作为队友他也鉴证了我们的蜕变。如此过去投射出来的恋爱感觉就可以入土为安了，而一种全新的、发自内在的真爱或许就会在你们的争斗中，奇迹般的破土而出。当然如果你们扛过了这个阶段也没有生爱，那你们也可能是彼此一生最特别的存在了。没错！他成了最懂你的人，懂你的过去，懂你的过程，懂你现在的来之不易！一生得一知己也足以了吧！状态2：你凭着内在的感受，潜意识的找到了你想要的？个人成熟指数30%——60%，恋爱感觉维持难度 ★★★这种情况常见为【感觉型】：我们内心中有一些未完成的心理情结，这些心理情结促使我们对某一类人产生感觉，然后我们扑上去其实就是为了满足自己的某些愿望。讲讲我印象最深刻的一次，和我爱人吵架的经历：很早之前腿骨折了在家养病。那一周根据治疗进度，我应该可以下地练习走路了。可是过程挺艰难，腿打不了弯，而且挺疼。于是那天我就和爱人聊天，说有点儿担心会不会以后彻底瘸了，要不去医院再拍个片子？我爱人好心记下了我的担心，于是她特意请了第二天的假，要陪我去医院拍片子，但是她没有事先告诉我。我呢，第二天要写稿第三天早上就发，加上晚上有两个很重要的课，所以等于把时间已经排满了。到当天晚上她跟我说去医院的时候，我就说没时间不去了。她很生气地说，自己连假都请好了 ，你竟然不去了！还质问我——“就你的事儿最重要吗？”然后我也急了，我说“我没让你请假啊！你不跟我商量就自己做主，倒怨我了？”总之是大吵了一架。吵完了回屋我就想，这叫什么事儿啊。那既然我是做心理咨询的，怎么都有个内省。我就想为什么我会有那么大的反应呢？我描绘了我的感受——我感觉到对方是‘为我好’，但是这种‘为我好’是强迫性质的，是一种令我不能拒绝，且忽略我感受的‘为我好’。这种感觉太熟悉了，让我一下子想到了我妈。我妈对我就是这样，给了我很多掌控的爱，强迫的爱。且别说小时候了，就那几天，她炖了一锅骨头汤给我喝，为了让我腿快点儿好。但是我特别不爱喝那油乎乎的东西，然后她就急了，说这都是为了我才炖的！我内心很委屈觉得被强迫，又因为对方是为我好，所以我很压抑觉得有苦说不出。那小时候这种‘为我好’的情况就更多了。我倒不是说抱怨我母亲这样做，相反我早已经在这样的行为中感受到爱了。但是呢，有个心理情结就是，我很渴望找一个能够尊重我的，时常考虑我感受的人。于是这个人她也就很神奇的成为了我的妻子。是的，平时我爱人很尊重我的想法，家里的大事情都是我定，当然我也会尊重她的意见。这种结合，显然是我在满足我个人的心理情结，但是这并不是一种修通。我仅仅是借着对方的特质而满足了自己的需要。从根本上说，我并没有完全修复心理上我对于尊重的渴望。那这也就造成了，当出现类似上面情况的时候，我的情绪就会异常激烈！我会感觉特别气愤，而对方也会因我的过激反应而感到特别受伤。像我和我爱人这一类的情况，在婚姻关系里相当普遍。大家都是基于自己未修通的心理情结而和对方在一起的。对方帮助我们实现了一个甚至多个未完成的心愿。而这种情况的表现也是多种多样的。比如：有的女人有恋父情结。小时候她经常被爸爸拒绝，所以为了弥补她可以和一个很有权威的男人进行连接，她在感情路上一直有一个内在目标。那就是，她要把一个拒绝他的男人变成一个接受她的男人。她看起来很爱对方，对对方倾其所有，忠贞不渝。但是她内在只是为了把这个愿望实现而已。而往往她成功了，对方真的接受她了，这段关系也会很脆弱。因为这个男人只要对她有一点点排斥，她就会很受伤。原因是她并没有从被爸爸排斥的恐慌里走出来。我们总是习惯于拿一些蜜糖涂在伤口上，好像这样就看不到伤口了。然而这种行为必然会在婚姻中感受到挫败。当我们挫败了，我们可能会走上几条路：１.减低自己的需要这会让我们从蜜月期发展到争吵期，再进化到冷战期。２.换一个人，离婚或者出轨这方法干脆利落，TA满足不了我的需要就换人呗。3.真正治本的方法，一起疗愈这些心理情结要彼此拓展心理容器，为对方留出一些空间，试图理解对方的心理情节是怎么发生的。第三种治本，但是实现起来也不容易。这需要两个人，一个人愿意说一个人愿意听才行。我们要通过学习，提升自己的内在力量，告诉对方，也告诉自己怎么应对这些遗憾。这些当年在自己父母身上没有得到的遗憾，说到底都得我们自己有力量满足自己才可以。当我们彼此携手，从过去的伤口中走出来，然后一起面对人生中的种种遗憾的时候，我们也就可以接受曾经在对方身上自己不能接受的一些缺陷了。慢慢来，这种比较深层次的交流，是敞开心扉谈彼此最脆弱的部分。到那时，我们就不会再用【愤怒】表达自己的脆弱了： “你为什么不跟我商量！”我们也不会再用【嫌弃】表达自己的脆弱了：“哼，就你的事儿重要？”我们甚至不会再用【理智化】表达自己的脆弱了：“谢谢你为我请假，可是我没有办法临时改变我的安排。很抱歉，下次避免误会，请你先问问我。”我们就是真实的相对，把自己内心最柔软的部分展现出来：“对不起。我感觉很难受，因为我不想拒绝你的好意，我知道你是为了我才克服困难请了假的。但是也因为这样，所以我更没办法拒绝你。可是我这边有工作，我已经答应了周六出稿，我很想遵守我的承诺，所以我很为难。我既不想回绝你的好意，又不想失约临时找别人帮我补空给别人添麻烦。你可以理解我吗？”是了，这就是最柔软的，发自真心的心声。但是这样的话要说出来，其实挺难的。 状态３：你以意识做主，知道你真正想要什么？个人成熟指数60%——90%，恋爱感觉维持难度 ★这种情况常见为【真诚型】：两个人在相遇的时候就已经比较成熟了，他们各自敞开心扉，用最真实的一面面对彼此。这并不是说两个人都没问题了。他们只不过都能在对方那里感受到安全，可以不设防的把自己的过往拿出来分享。比如我身边就有一对这样的夫妻——小爱和大志。他们在交往过程中相互了解的深度，真的让我们这些咨询师都感到汗颜。两个人最特别的地方在于，他们约定好，每一次约会的时候，都要向对方讲一段自己过往发生的真实故事。半年时间，两人几乎把对方的人生走了一遍，最终他们对彼此有了一个非常深刻的认识。他们甚至可以在对方表现出情绪或者行为有反常的时候，先对方一步看到对方行为背后的原因。举个例子，那天小爱说自己想要个迷你Pad，大志开始问她用那东西干嘛？小爱说了一堆，然后大志不出声了，欲言又止的样子。然后小爱有点儿着急，就说，“你说话呀，说话呀！”但是她越这么说，大志就越回避，接着他好像找个什么借口要离开了。这时候小爱突然跳出来说：“诶，你是不是不太赞成我买‘迷你’啊？然后又害怕这样说会跟我起冲突？对了，过去你爸妈老吵架，所以你害怕吵架，于是潜意识就想避免冲突，是这样吧？”大志一笑，接着说到，“那你看我不说话就着急，是不是因为你爸妈经常在家里冷战，让你感觉没人说话就浑身难受啊？”“诶，有这个可能啊~~诶，我说！怎么又说我这儿来了，是你先不说话的。”“就不说，就不说，急死你！”“嗨！老娘这暴脾气嗨！”……你们说这小两口打得起来吗？所以说，个人成熟度、安全性非常关键，当我们可以在彼此面前卸掉防御，那两人就都可以在彼此最脆弱的部分达到一个高度理解。这就像给我们的关系建立了一种机制，或者说一个系统。它会保证我们彼此成为对方的容器，成为对方的好爸爸、好妈妈、好妻子、好丈夫，那在这种高度一致的交往中，要保持一个长期的恋爱关系也就真不是什么难事儿了。既然，大家已经发现了“光顾面儿”也还会不幸福，最后还是要“经济的归经济，情感的归情感。”那就“大胆试验、小心求证，认真解答，积极求助。”婚姻这道难：保证自己不拖后腿，再找到好队友，就一定能结好。我是 @卢悦 一名从业16年的心理情感咨询师，有情感问题问我，有问必答。,现在的很多年轻人“恐婚”、“恐育”，这真的不怪他们，也不是他们“不负责任”。 事实上，刚好相反，这一代的年轻人 比之前的每一代年轻人都更重视“婚姻”。所以才，越“重视”越不敢轻易结婚。 周围太多的案例告诉你—— 婚姻真是爱情的坟墓。本来挺好的一对 ，一谈婚论嫁就出问题。订婚时、买房时、装修时，分手的情侣比比皆是。 且别说小两口了，老四口对于孩子们结婚都恐惧了！ 我一忘年交的朋友就曾跟我抱怨： “现在的孩…,2022-05-13 08:21:15,2022-05-13 08:21:15,2022-05-13 08:21:15,卢悦,lu-yue-46,,771490,372,29,56,恐婚恐育,婚育决策,https://www.zhihu.com/question/532591076/answer/2483852563,2026-06-23 16:07:10
2589251589,544839195,本人已婚女，恐育，被逼不生就离，已育人士可以给点建议吗？,如果男方非丁克，你接受婚姻，即接受生育。如果你坚定不生，那应该婚前说清楚。你不是恐育，你应该是家庭经济条件一般，生育会给你带来过多的负担，而你不想最后变成黄脸婆，所以不想承担。但凡你有个不错的老公婆婆，其实你都不应该这么抗拒生育。孩子早晚还是要生的，如果你还想玩儿，孩子生完交给老公和婆婆带，只要你自己坚决不带，和放心让别人带就行，到时候痛苦的就是你老公和婆婆。他应该也不会再着急催二胎了，等你玩儿够了，想生再生,如果男方非丁克， 你接受婚姻，即接受生育。 如果你坚定不生，那应该婚前说清楚。 你不是恐育， 你应该是家庭经济条件一般， 生育会给你带来过多的负担， 而你不想最后变成黄脸婆，所以不想承担。 但凡你有个不错的老公婆婆， 其实你都不应该这么抗拒生育。 孩子早晚还是要生的， 如果你还想玩儿， 孩子生完交给老公和婆婆带， 只要你自己坚决不带，和放心让别人带就行， 到时候痛苦的就是你老公和婆婆。 他应该也不会再着急催二…,2022-07-23 12:30:43,2022-07-23 12:30:43,2022-07-23 12:30:43,Harper Yu,jhgtv-cd,,5,1,0,0,恐婚恐育,婚育决策,https://www.zhihu.com/question/544839195/answer/2589251589,2026-06-23 16:07:12
2621448586,507054979,不生孩子真的有现在网友说的那么美好吗？,我想给那些“看身边已婚已育的女性过得都很不幸福，所以恐婚恐育”的女孩子写一篇回答。但这只代表我一个人的想法和做法。我随便一说，您随便一听，不以为然请直接划走。我87年生人，儿子7岁。体制内工作，所在部门有80后女性三人，两人已婚已育，一人已婚丁克；90后女性四人，除了一人已婚备孕，其余均未婚。80后的丁克女同事A是最受年轻女孩们羡慕的。因为她没有孩子，生活很轻松，看上去状态很好，有大量的时间美容、护肤、社交、娱乐等等；我和另一个80后女同事B是最“惨”最受同情的两个，因为我们俩下班要带娃，从不曾在晚上参与群聊，看上去和家庭深度捆绑，没有一点私人时间。女同事们在一起，工作之余也时常聊天。90后那几个姑娘为什么觉得我和B最惨呢？因为这都是我们俩跟她们说的。现如今，受网络世界的影响也好，因女性自我意识的觉醒也好，不婚不育，已经是年轻人中的潮流。虽说我们部门同事之间的关系都不错，但职场交往，为了拉进彼此的距离，我一定会在聊天内容上做些迎合。那三个90后的姑娘都还未婚，我也曾经试着对她们表达过结婚生子自有乐趣，却在她们的日常言语中听出对婚姻生活的抵触，对被娃捆绑的不屑，和对自由空间的向往，同知乎上看到的恐婚恐育言论如出一辙。时间久了，我也调整了话术，可怜兮兮地抱怨几句有娃的生活多么悲惨，没有私人的时间私人的空间也慢慢失去了自我，太羡慕你们A姐啦你们看她生活状态多么好，哎只有来上班我整个人才能活过来……引发一波共鸣后愉快开启新的话题，聊聊减肥医美追剧爱豆，或是其他女性常见的话题。毕竟谁都希望自己是酷酷的，谁愿意在女人圈里一副妈味十足的样子，对吧。但是我和B私下里依然会经常性交流孩子的教育问题，也会推心置腹地告诉那个备孕女孩她将要面临的真实生活状态。养娃没有那么恐怖，的确辛苦，的确打乱你的生活节奏，但是你付出一切的同时心里支撑着爱与希望，孩子的成长也给你带来另一种快乐。头悬梁锥刺股的高三你都能挺过去，那么辛苦，透支一切的疲惫，但是你知道往后就会好的，有希望在你面前。至于那个丁克的女同事A，我在她面前绝口不提孩子，倒是经常性地表达对她生活状态的羡慕与向往，跟她抱怨有家酒吧我和老公种草了很久却没时间去……但你问我内心深处到底羡不羡慕她？当然也羡慕，但那是种浮光掠影的、不走心的羡慕，如同我高喊一声“工作太累了我想赶紧退休，天天钓鱼养花睡懒觉……”我真的想过退休生活吗？想啊，谁不希望不用上班？可我真的想马上退休吗？当然不想啊，谁希望付出二十年岁月的代价直接进入55岁？！A倒跟我说，她觉得生活其实特别无聊，电影一周能看几次，能在外面吃几顿饭，跟几拨朋友聚会泡吧，剩下的时间除了刷剧打游戏，真的不知道做什么，只能细致再细致地敷面膜做指甲……所以你看看，除了你爹妈会对你推心置腹，在外面的世界，我们都会对不同的对象说他最想听的话。你听到别人说结婚真不幸福带娃又累又惨，可能她只是顺着你的意思说给你听，或者专挑生活里的不如意向你抱怨；你听到丁克说没有孩子的生活真是太自由太轻松了，可能是你没看到他背后的无聊茫然与空寂。当然，两种生活状态，反过来也都成立。生活归根结底是要自己去体验，不要被身边的人随便抱怨的几句话，就做出影响自己一生的决定。,我想给那些“看身边已婚已育的女性过得都很不幸福，所以恐婚恐育”的女孩子写一篇回答。 但这只代表我一个人的想法和做法。我随便一说，您随便一听，不以为然请直接划走。 我87年生人，儿子7岁。体制内工作，所在部门有80后女性三人，两人已婚已育，一人已婚丁克；90后女性四人，除了一人已婚备孕，其余均未婚。 80后的丁克女同事A是最受年轻女孩们羡慕的。因为她没有孩子，生活很轻松，看上去状态很好，有大量的时间美容、护肤…,2022-08-11 08:29:20,2022-08-11 08:29:20,2022-08-11 08:34:06,石月笙,rou-ruo-bing,一个纯粹的人，一个脱离了高级趣味的人,396,362,230,57,恐婚恐育,婚育决策,https://www.zhihu.com/question/507054979/answer/2621448586,2026-06-23 16:07:14
2939980916,588264354,为什么女生现在越来越恐婚恐孕？,因为结婚生孩子真是很难顶的事情。作为一个已婚已育的男人，我可以很负责任的告诉你们。你生活水平最高的时候，就是在结婚前。自从进入结婚生子的路径之后，你的生活水平只会不断一降再降。这里你首先要明白一个概念生活水平不等于赚钱多少。 是的，没错，钱赚得多确实能够提高生活水平。但钱只是生活水平的一部分，而不是全部。这其中还包括时间、精力、自由以及面对危机的底气，等等等等。哦，对了，顺便告诉你们，婚后的矛盾绝大部分是双方老人造成的。想要日子过得去，记住千万不能太孝顺。我跟老婆讨论过这个问题，我们两都认为不婚不育最好。如果当初我们没有结婚，没有生孩子，只是谈恋爱，我们都会成为更好的自己。,因为结婚生孩子真是很难顶的事情。 作为一个已婚已育的男人，我可以很负责任的告诉你们。 你生活水平最高的时候，就是在结婚前。 自从进入结婚生子的路径之后，你的生活水平只会不断一降再降。 这里你首先要明白一个概念生活水平不等于赚钱多少。 是的，没错，钱赚得多确实能够提高生活水平。 但钱只是生活水平的一部分，而不是全部。 这其中还包括时间、精力、自由以及面对危机的底气，等等等等。 哦，对了，顺便告诉你们，婚后…,2023-03-17 00:29:50,2023-03-17 00:29:50,2023-03-17 00:31:20,Onli,jiang-jin-jin-97,,9274,40,4,23,恐婚恐育,婚育决策,https://www.zhihu.com/question/588264354/answer/2939980916,2026-06-23 16:07:16
2986253384,595804691,有多少人因为父母婚姻而恐婚恐育?,我恐婚恐育不止是因为父母，身边例子也不少。拿我爸妈来说，我一年级的时候一家人住在学校的员工宿舍。我那时候什么都不懂，每天就上学写字读课文，但是不知道从什么时候开始我爸妈就开始动手了。他们不是那种大打出手的样子，而是你推搡我一下我揪你一下，经常吵架。那段时间我爸还经常放爱情买卖，导致我对那首歌记忆很深刻。后来到了小学五六年级，我爸来我和我妈租的房子看我们，最后也是吵到不欢而散。我曾经问过我妈很多次，为什么不离开我爸。她说是为了我，她一个人打工的钱不够我上学还有吃穿用度。从那以后我就想，都是我拖累了我妈，如果没有我，她现在一个人肯定过得很自在。如果我很有钱就好了，就可以带她到处旅游，做想自己喜欢的事。所以我很害怕充满未知数的婚姻与家庭，人心不是一直不变的。可能他今天说爱我，明天就换了一副样子。第二个例子，是我阿姨，我妈的亲姐。她有两次婚姻。第一次离是因为家暴吵架，第二次是因为那个男的出轨。我小时候跟外公外婆在镇子上生活，所以对阿姨的事情不太了解。最有印象的是，她第一任丈夫脾气比较暴躁，是十足的大男子主义。他们两都很爱我表姐，但是我表姐有时候缺钱也不敢和她爸要。她告诉我她爸对他其实没那么好，放假去他那里住会被使唤做家务（孩子做家务挺正常，可是不应该使唤孩子做吧？)。虽然小时候别人问她更喜欢爸爸还是妈妈，她毫不犹豫回答的是爸爸。至于我小姨的第二任丈夫，是个跑车的。应该是类似滴滴司机之类的。他有一个已经成年的儿子，还有一个不知道多大的女儿。他带过来的是儿子。其实一开始我不知道我小姨和他分开了，以为他有什么事没出现。直到我拿我妈手机收验证码消息，在被拦截信息里无意看到两条信息:姨妹子，我以前对你那么好，你不能xxxx(具体的忘了，意思大概是让我妈不要拉黑他，他还想挽回我阿姨)。虽然那条信息发件人只有一串陌生号码，但我一下子反应过来肯定是他。后来问我妈，果然是他干坏事出轨了，我阿姨和他分开。最后一个是我初中班主任。魅力挺大，我对他的评价是妇女之友。就这么说吧，他的经典搭配是衬衫牛仔裤小白鞋（真的显得身材五五分)，中年数学教师，发际线后移但是没有移到脑毛顶，也不能说秃只是头发比较短。他的几任关系我忘了，只记得一个有丈夫的女教师还是领导，执意要和他在一起，那事闹得不小。我当时就被震惊到了。恐婚的大概就是这些。恐育的话，我以前真的不知道坐月子是来一个月的月经啊靠，剖腹产剖十层，那根打的针比我手指都长。本来我就晕针，看到那个画面真的绷不住。还有分娩时的很多意外，比如羊水栓塞，大罗神仙来了也救不回，我是真的害怕了。本来我骨架小，体质也就勉勉强强，这我要是去鬼门关走一遭我觉得我还真不一定能受住。,我恐婚恐育不止是因为父母，身边例子也不少。 拿我爸妈来说，我一年级的时候一家人住在学校的员工宿舍。我那时候什么都不懂，每天就上学写字读课文，但是不知道从什么时候开始我爸妈就开始动手了。他们不是那种大打出手的样子，而是你推搡我一下我揪你一下，经常吵架。那段时间我爸还经常放爱情买卖，导致我对那首歌记忆很深刻。 后来到了小学五六年级，我爸来我和我妈租的房子看我们，最后也是吵到不欢而散。我曾经问过我妈很多…,2023-04-16 04:56:47,2023-04-16 04:56:47,2023-04-16 04:56:47,沉默的猴,10-91-9-86,,2,10,0,6,恐婚恐育,婚育决策,https://www.zhihu.com/question/595804691/answer/2986253384,2026-06-23 16:07:19
3013068434,599085205,为什么现在越来越多的人恐婚恐育？,别人我不清楚哈，我说说我的想法24岁男，三线城市小破事业编在职单位里也有蛮多人介绍相亲的，但我不愿意去第一点是24岁，谈婚论嫁太早了第二点是所谓的结婚，并没有让我觉得会带来很多幸福，相反还会带来彩礼啊亲戚关系啊夫妻关系啊各种上纲上线的麻烦。不如和女朋友好好谈恋爱更快乐。第三点是关于生育观，我讨厌小孩，不想生孩子。夫妻两人工资给自己买房子给自己买车提高自己的生活质量是很令人舒服的，但举家之力供养一个孩子，还要为他担心这忧心那的，很烦很烦。如果非要生的话我希望是个女孩，那样就不需要为他考虑买房买车娶媳妇等等开销巨大且涉及面巨广的事情了，买套房子买个小车就可以了，结不结婚无所谓，我养得起。至于二胎或三胎，铁定不要，一个就够够的了。总结一下，对我来说，结婚没啥必要，孩子屁用没有，也说不上恐，只是觉得不值得。,别人我不清楚哈，我说说我的想法 24岁男，三线城市小破事业编在职 单位里也有蛮多人介绍相亲的，但我不愿意去 第一点是24岁，谈婚论嫁太早了 第二点是所谓的结婚，并没有让我觉得会带来很多幸福，相反还会带来彩礼啊亲戚关系啊夫妻关系啊各种上纲上线的麻烦。不如和女朋友好好谈恋爱更快乐。 第三点是关于生育观，我讨厌小孩，不想生孩子。夫妻两人工资给自己买房子给自己买车提高自己的生活质量是很令人舒服的，但举家之力供养…,2023-05-04 15:27:06,2023-05-04 15:27:06,2023-05-04 15:27:06,富婆与低保皆失,pi-pi-69-64-91,大胆点生活，你没那么多观众,416,0,0,2,恐婚恐育,婚育决策,https://www.zhihu.com/question/599085205/answer/3013068434,2026-06-23 16:07:21
3045196386,603107210,为什么现在很多女生恐婚恐育？,“关于要孩子，对此她很反感，很担心怀孕后没地方住没人照顾，焦虑养不好等等，要求婚后继续做措施或者男绝育……”问题反正出在这吧，我猜你俩都不是目前工作地的本地人。对于生育孩子来说，你们父母大概率不太好帮忙。还要买房的话担忧肯定是正常的。你得想办法解决问题，或者解决提出问题的人。基本也只有两个选项吧，既然你认为孩子是必须的，那要么榨干你家父母和你自己去买房，然后再去说服你的女友，告诉她不用担心，你会照顾云云。要么就是跑路换人。,“关于要孩子，对此她很反感，很担心怀孕后没地方住没人照顾，焦虑养不好等等，要求婚后继续做措施或者男绝育…” 问题反正出在这吧，我猜你俩都不是目前工作地的本地人。 对于生育孩子来说，你们父母大概率不太好帮忙。还要买房的话担忧肯定是正常的。你得想办法解决问题，或者解决提出问题的人。 基本也只有两个选项吧，既然你认为孩子是必须的，那要么榨干你家父母和你自己去买房，然后再去说服你的女友，告诉她不用担心，…,2023-05-26 02:53:31,2023-05-26 02:53:31,2023-05-26 02:53:31,HHH,hhh-95-74,,922,0,0,1,恐婚恐育,婚育决策,https://www.zhihu.com/question/603107210/answer/3045196386,2026-06-23 16:07:23
3072731528,606489154,有男朋友但是恐婚恐育，一想到过几年要结婚我就想分，我也搞不清自己是什么心态，救命 ?,既然恐婚，为什么还谈恋爱呢？要不开始就讲清楚你只谈恋爱和暧昧，不结婚，大家该有的都有了不就行了。再说，你恐婚是小时候的家庭影响还是说害怕陷入结婚后的柴米油盐酱醋茶里面了，还是说还是那一份责任呢？？？其实你应该调整心态，结婚是人生的一个过程，生育也是一样，当然你也有选择的权利，结婚并不是人生的必然过程，但是不经历呢人生又不完整，所以，积极的改变自己的心态，努力的去爱人。,既然恐婚，为什么还谈恋爱呢？要不开始就讲清楚你只谈恋爱和暧昧，不结婚，大家该有的都有了不就行了。再说，你恐婚是小时候的家庭影响还是说害怕陷入结婚后的柴米油盐酱醋茶里面了，还是说还是那一份责任呢？？？其实你应该调整心态，结婚是人生的一个过程，生育也是一样，当然你也有选择的权利，结婚并不是人生的必然过程，但是不经历呢人生又不完整，所以，积极的改变自己的心态，努力的去爱人。,2023-06-13 22:25:24,2023-06-13 22:25:24,2023-06-13 22:25:24,老汉憨憨,fan-7878,懂建筑相关知识，对投资有自己的认识，正努力储备法律知识。,58,0,1,1,恐婚恐育,婚育决策,https://www.zhihu.com/question/606489154/answer/3072731528,2026-06-23 16:07:25
3090201308,608657688,你认为年轻人恐婚恐育的真正原因是什么？,年轻人脱离了父母，经常处于泥菩萨过河，自身难保的状态。谁还敢结婚生子啊？再说，花一辈子去背房贷，真的没有意义。,年轻人脱离了父母，经常处于泥菩萨过河，自身难保的状态。谁还敢结婚生子啊？再说，花一辈子去背房贷，真的没有意义。,2023-06-26 00:43:10,2023-06-26 00:43:10,2023-06-26 00:43:10,寇不知,kou-bu-zhi,腹有怨气屁自哗。,160,0,0,0,恐婚恐育,婚育决策,https://www.zhihu.com/question/608657688/answer/3090201308,2026-06-23 16:07:28
3090259748,608657688,你认为年轻人恐婚恐育的真正原因是什么？,这个问题好像不该是我这个已婚的人该回答的。但我可以替我身边恐婚的男士来回答一下。一朋友他今年35 了，20岁的时候开始谈恋爱，那时候女方要求的20万彩礼他给不起，后来就直接分手了。再后来他又谈起恋爱，问女方他给不起多的彩礼，能不能少给点。车子买不起，能不能不买。房子有，但是是老家自建房。并且婚后要跟公婆一起住。问她愿不愿意嫁给他，女朋友答应了。愿意跟他一起吃苦，结婚后一起努力买房。可是女方家人不愿意女儿跟着他吃苦，要真想娶。就先准备好28.8万的彩礼，跟一套两居一室的婚房，我朋友直接被吓倒，打了退堂鼓，宣告自己无能为力，跟女方草率分手。这段感情又被掐断了。我朋友他没灰心，始终相信有女孩看得上他的穷。一直断断续续交了几个女朋友，都是因为给不了彩礼啊，房子啊，车子啊，而宣告失败。直到现在我朋友还是单身，他废了，谈不起恋爱了，他甚至怀疑所有的女生都是物质又贪财的。他还经常跟我抱怨，要不是他没钱，早就结婚了，孩子都会打酱油了。我笑他，这么多年过去，从20岁谈恋爱开始，就没想着要努力工作，攒彩礼钱娶老婆吗？他说，他一个没学历的人，一个月工资才五千多块钱，自己都养不活，还要攒钱，干脆饿死算了。彩礼动不动就是五六十万的，还要买房买车，他说他再工作二十年，再割十个肾卖攒不到五十万彩礼钱。现在他是完全投降了，他不结婚了！与其为了这高昂的彩礼钱，跟买不起的房子，撞得头破血流，大不了打一辈子光棍。我问他那你的生理需求咋办？他说，没事自己撸。,这个问题好像不该是我这个已婚的人该回答的。 但我可以替我身边恐婚的男士来回答一下。 一朋友他今年35 了，20岁的时候开始谈恋爱，那时候女方要求的20万彩礼他给不起，后来就直接分手了。 再后来他又谈起恋爱，问女方他给不起多的彩礼，能不能少给点。 车子买不起，能不能不买。 房子有，但是是老家自建房。 并且婚后要跟公婆一起住。 问她愿不愿意嫁给他，女朋友答应了。 愿意跟他一起吃苦，结婚后一起努力买房。 可是女方家人…,2023-06-26 01:21:08,2023-06-26 01:21:08,2023-06-26 01:21:08,数码家电编辑luna,chen-xian-sen-56-66-24,挖掘更多好玩好用的数码家电产品,16115,2,0,2,恐婚恐育,婚育决策,https://www.zhihu.com/question/608657688/answer/3090259748,2026-06-23 16:07:31
3114350863,611595392,为什么现在很多女孩子会恐婚恐育呢？,现在的女孩子恐婚的原因有很多，其中一些原因包括：社会观念的转变，女性对婚姻和生育的看法发生了变化；经济压力大，房价高等问题；对婚姻生活的不确定性和恐惧等等。,现在的女孩子恐婚的原因有很多，其中一些原因包括：社会观念的转变，女性对婚姻和生育的看法发生了变化；经济压力大，房价高等问题；对婚姻生活的不确定性和恐惧等等。,2023-07-11 15:28:01,2023-07-11 15:28:01,2023-07-11 15:28:01,解码财商,peng-da-shang-wu,活的太清醒不是件浪漫的事,779,0,0,3,恐婚恐育,婚育决策,https://www.zhihu.com/question/611595392/answer/3114350863,2026-06-23 16:07:32
3134154996,575415212,为什么现在很多年轻人都恐婚恐育？,生活的压力啊，各种车贷房贷，随着社会的进步，找工作的学历也日渐提高，我们能做的就是好好学习，提升自己，现在考研的多卷啊，哪还有功夫谈情说爱，而且女生们也慢慢意识到了不能总是围着男人转，人嘛总是要为自己活的，而且生孩子多疼啊，风险还大，搞不好小命不保，就算保住了命，那你能确定你的老公真的不介意你的妊唇纹和各种“作妖”嘛，孕期你的身材会走样，你可能也没法吃你喜欢的食物，头发也会掉的很严重，说到底，不过是意识逐渐清醒，社会逐渐进步罢了(以上观点仅代表我个人的看法，可能会有点不成熟，还望包涵),生活的压力啊，各种车贷房贷，随着社会的进步，找工作的学历也日渐提高，我们能做的就是好好学习，提升自己，现在考研的多卷啊，哪还有功夫谈情说爱，而且女生们也慢慢意识到了不能总是围着男人转，人嘛总是要为自己活的，而且生孩子多疼啊，风险还大，搞不好小命不保，就算保住了命，那你能确定你的老公真的不介意你的妊唇纹和各种“作妖”嘛，孕期你的身材会走样，你可能也没法吃你喜欢的食物，头发也会掉的很严重，说到底，不…,2023-07-25 02:54:23,2023-07-25 02:54:23,2023-07-25 02:54:23,E-hv,e-hv-78,,1,0,0,2,恐婚恐育,婚育决策,https://www.zhihu.com/question/575415212/answer/3134154996,2026-06-23 16:07:35
3159857042,495780343,为何现在营销号到处在宣扬恐婚恐育思想？,营销号收钱呗，某些营销号本来就是臭狗屎，新闻事件案例选择性报导，断章取义，造谣扯淡，歪理谬论。比如造谣结婚率离婚率，天天造谣很多人不结婚，拿结婚率下降说事，以此证明有很多人不结婚，事实上一辈子不婚的根本没那么多，是一些人晚婚拉低了结婚率。这种营销号还造谣或者夸大离婚率，说的非常离谱，离婚的虽然不胜枚举但也没它想的那么多。反正各种造谣。还发表违背正常三观的言论论调，比如像什么支持不婚不育，支持lian爱不结hun，支持pc约p，支持qing史丰富，我的天，这是妥妥的渣男渣女才有的行为啊。还支持鼓吹tong居。支持早lian（并不反对好的早lian，但是一个劲不由分说的支持，就有问题了），还扯什么早点谈多谈几次有多少多少好处，不然找不到，或者没经验和异性不会相处之类的结论论调。什么男人不花钱就是不爱你，喜欢就去qj之类的歪理谬论，三观不正的观点论调，完全就是鬼话连篇狗屁不通。还有大量水军账号女拳账号，在两性话题恋爱婚姻情感生育相关话题下，渣男渣女的极端案例下，带节奏，引战，胡说八道，歪理谬论，打女拳，打男拳。女拳账号搞特权，还贬低抹黑男性群体，拿那种渣男以偏概全，拿那种不幸的婚姻以偏概全，各种否定婚姻，恐婚恐育不婚不育反婚反育言论，将正常婚姻各种“妖魔化”，上纲上线，无中生有，各种歪理谬论，极端论调。男拳账号也一样，给女性泼脏水，造黄谣，拿那种渣女案例以偏概全，也是一副恐婚论调。这些账号根本不会就事论事有一说一，本来仅仅只是当事人自己个人的问题，一颗老鼠屎，非要以偏概全，上纲上线，乱打靶。现在的某些营销号自媒体都有问题，而且相关话题内容的评论区，就是非常反常，一堆妖魔鬼怪牛鬼蛇神的水军账号，发表各种三观不正的言论，各种歪理谬论，反智逆天的言论，还造谣编故事，反正奇奇怪怪的论调。也就一小部分偏激无脑的傻子被忽悠上当，这种人最基本的思考能力都没有，很幼稚，两者都很幼稚,营销号收钱呗，某些营销号本来就是臭狗屎，新闻事件案例选择性报导，断章取义，造谣扯淡，歪理谬论。比如造谣结婚率离婚率，天天造谣很多人不结婚，拿结婚率下降说事，以此证明有很多人不结婚，事实上一辈子不婚的根本没那么多，是一些人晚婚拉低了结婚率。这种营销号还造谣或者夸大离婚率，说的非常离谱，离婚的虽然不胜枚举但也没它想的那么多。反正各种造谣。还发表违背正常三观的言论论调，比如像什么支持不婚不育，支持lian…,2023-08-10 21:30:57,2023-08-10 21:30:57,2023-08-11 04:30:42,安沫淇熙儿,an-mo-qi-xi-er,反对一切反智逆天三观不正恶臭不堪瞠目结舌歪理谬论颠倒是非,60,7,2,3,恐婚恐育,婚育决策,https://www.zhihu.com/question/495780343/answer/3159857042,2026-06-23 16:07:36
3170125421,450118708,为什么现在越来越多人恐婚恐育？,整理困扰了自己半年的情绪，对于生育这件事情看得很沉重很沉重，以至于压垮了自己，也企图把身边的人拉入深渊。接下来，尝试从每一章节的相关内容去剖析自己的想法，今天先从这一节开始：一、家庭生活——高阶课程——问题解决力40 情感忽视：父母总是无视我的需求，怎么办？这一章节中提出了关注孩子情感需求的重要性，情绪被忽视的孩子会有这些问题：（一） 被忽视的孩子会对自己情绪不熟悉。例如，在哭泣的时候父母是选择无视、否定，还是帮助自己识别“难过”这种情绪，找到引起情绪产生的事件，从而针对问题提供解决的方法，能更有助于个体成长时学会识别自己的情绪并学会解决问题，而不是导致成年后情绪崩溃却无法了解自己情绪波动的原因。长久压抑自己的情绪以迎合外界，慢慢地变得不会表达自己内心真实的想法，难以自我关怀，将令自己不快乐的事情都压在心底，喘不过气来。从这一点来分析自己恐育的原因，处于现阶段的经济情况，我不想被现实胁迫，一旦生育便意味着要面临各方面的支出而对很多不满意的现状做出妥协。我还有很多事情想要去做，去学习、去探索这个世界更多的可能性，而这意味着有足够的经济支撑才能满足这些种种需求，因此所有无法带来价值的事情都在我眼里变成了一种阻碍，这种急于求成的心态确实已经压得自己喘不过气来了。因此在这样的心态下，会不自觉产生“孩子是一个没办法带来收益的，只有不断损耗的负担”的想法，因此进一步思考，自己会不会在教育的过程中没办法给予TA无条件的爱，可能会无意识地传递出“为了你我做出了种种牺牲”，倘若在抚养过程中遇到那些令人崩溃的瞬间，我会更加陷入“后悔”“无力”“绝望”中，从而无法给予孩子以上的情感支撑，甚至会对孩子作出“我这么辛苦工作是为了谁？你还因为一点事情就受不了了？”“我工作已经这么累了，你能不能让我喘口气，别烦我了”这类攻击。而当孩子防抗着：“你为什么要把我生下来？”时，常常被归为不孝，是一种身在福中不知福，不会感恩自己获得的一切，是一种遇到困难无法解决的无能、把问题都归结于外在的懦弱行为。但其实这样的呼唤是充满无助的，当发现周围的一切都不再是依靠时，那种恐惧、挫败，需要自己对抗这个世界的孤独感才导致了这样的呐喊吧。（二）不会向他人提自己的情感需求。长期得不到父母的关怀，会让被忽视的孩子倾向于认为别人也不会提供支持，产生回避型的依恋类型。这一点审视自己，常常会宁愿自己吃亏也不想麻烦别人，与其需要承担与人相处的过程中会发生矛盾带来的痛苦，不如直接就让这段关系不要开始或者通过疏离让自己不受到伤害。于我而言，在处理亲密关系中亦如此，内心渴望得到关爱，但当对方无法给予回应的时候，伴随着的可能是埋怨、失落、懊悔的想法“果然付出了只能感动自己，得到的快乐远远无法弥补失去时的痛苦，一开始不踏入这个陷阱不就不会受到伤害了吗？”，进而是会不断说服自己“不能依靠他人满足自己来获得愉悦，需要建构自己的精神世界”来通过其它方面的满足去填补内心那处已经缺掉的窟窿。（三）情感忽视他人没有被好好安慰的人，怎么明白怎么安慰他人呢？确实，在情绪低落的朋友前，我通常是以沉默应对，这种沉默不就是我一直以来对待人际的相处方式吗？回到育儿这件事情上，想着自己这样不符合社会生存规则的、沉默寡言的性格，是否能给孩子提供好的榜样呢？是否能够让TA在社会主流下找到自己生存的方式？一个意志坚定、内心足够强大的人才能抵御世俗的目光，我还没能够成为这样的人，能否坚定地告诉我的孩子：“勇敢去成为那个想要成为的自己吧！”呢？关于“童年曾经受到情感忽视的我，现在应该怎么办？”这一问题，有以下一些方法，那我便试着用这些方法来整理自己的情绪：方法一：自己是焦虑的、渴望被关心的。从观察身边亲人身体情况的变化，角色的转化慢慢意识到自己不再是那个被允许犯错的小孩子了，不像以往那样在求学生涯中由于年龄比同辈群体要小，可能会得到关怀、原谅。长大意味着需要成为他人经济、心灵上的依靠，年龄攀升带来的生理代谢速度变缓，快速更新迭代的社会所带来的被迫追逐的压力，时刻提醒着自己需要奋起直追，不能懈怠。而仍不够努力或无法看到效果的这一过程中又加深了自己的焦虑，从而不断放纵自己，失去行动力又跌入恶性循环。我现在有点难受，有种喘不过气的感觉，如果情绪有颜色，它可能是灰黑色的，像堵塞的淤泥。情绪来源于求之不得，渴望去改变现状，只为自己能力暂时无法触碰到所想要的而充满着急，从而转移到要求他人去帮助自己达成目的，但并没有得到想要的回应而失望。庆幸自己的情绪没有转化为无可挽回的行为，多是停留在想法阶段，而开始把自己的想法转化为文字的这一行动也让我慢慢沉下心来，去客观地对待一件事情，分析利弊再去化作语言与外显的做法。方法二：也就是去寻找同频的人，重新在他们身上获得力量。可能这也是为什么人还是离不开一段段关系，和朋友、和网络上的陌生人产生心灵上的联结，那种从对方身上找到共鸣的感觉太让人心安了。方法三：从这些情绪中找到积极的一面，意识到这样做会造成伤害后是不是就可以告诉自己不要这样对待他人呢？从这个角度说，其实本应该通过分析自己的情绪，不需要再担心自己的孩子会变得和自己一样了，在与他人相处的过程中，不管能不能灵活地运用方法，起码会更加有意识地认识自己行为所带来的后果，学会去趋利避害，往好的方向靠拢，但为什么自己还是对未发生的一切感到恐惧而把一块块石头搬在前路上呢？可能还是对自己没有自信吧，不相信自己能够迎接并悦纳一切的改变，所以才会恐惧未来，恐惧失去。这种不自信的根源又值得我去探索一番，那就让自己的脚步慢一点，每天做出一点看得见的内容，感受呼吸、心跳，告诉自己“你已经有进步了！再坚持下去就会看到曙光！”,整理困扰了自己半年的情绪，对于生育这件事情看得很沉重很沉重，以至于压垮了自己，也企图把身边的人拉入深渊。 接下来，尝试从每一章节的相关内容去剖析自己的想法，今天先从这一节开始： 一、家庭生活——高阶课程——问题解决力 40 情感忽视：父母总是无视我的需求，怎么办？ 这一章节中提出了关注孩子情感需求的重要性，情绪被忽视的孩子会有这些问题： （一） 被忽视的孩子会对自己情绪不熟悉。 例如，在哭泣的时候父母是选…,2023-08-17 09:42:55,2023-08-17 09:42:55,2023-08-17 09:42:55,寻找自己,30-4-60-55,,0,1,0,2,恐婚恐育,婚育决策,https://www.zhihu.com/question/450118708/answer/3170125421,2026-06-23 16:07:39
3176183743,613377788,为什么现在的女孩子都恐婚恐孕？哪怕90后一批已经30了。?,结婚对女孩子好处是什么，遇不到好的人就是没好处。为什么恐婚恐育，基本先看原生家庭，看看你母亲在家里担着一个什么样的角色，再听听父亲对于你不想结婚这个念头的想法，你就会理解为什么大部分女生恐婚恐育。你说不想生孩子，你爸说你自私，全中国女的都生就你不生你就是不为国家做贡献，有病的言论有病的思想你又怎么能断定下一代男生不会也受到影响？看看现在新闻，看看现在男生，归根结底是女生的问题吗？是男生的问题吗？都不是，这个社会是没完全好的，人的行为受思想也是不好的拿自己一个人的生活和结婚后比比，谁又能说自己就爱那累死累活的生活呢,结婚对女孩子好处是什么，遇不到好的人就是没好处。 为什么恐婚恐育，基本先看原生家庭，看看你母亲在家里担着一个什么样的角色，再听听父亲对于你不想结婚这个念头的想法，你就会理解为什么大部分女生恐婚恐育。 你说不想生孩子，你爸说你自私，全中国女的都生就你不生你就是不为国家做贡献，有病的言论有病的思想 你又怎么能断定下一代男生不会也受到影响？ 看看现在新闻，看看现在男生，归根结底是女生的问题吗？是男生的问题…,2023-08-21 12:37:48,2023-08-21 12:37:48,2023-08-21 12:37:48,Camellia.,camellia--63-54,懒得码字的扑街小说写手一枚。,8,13,3,5,恐婚恐育,婚育决策,https://www.zhihu.com/question/613377788/answer/3176183743,2026-06-23 16:07:41
3195219371,611197064,为什么现在女生恐婚恐育？,“不婚不育保平安”，男女对立制造了多大的焦虑和恐慌？男女对立造成了一定的影响，但不是女性恐婚恐育最重要的因素，想谈恋爱的照样在谈，想结婚的照样结了，想生育的照样生了。不要拿极端的例子当普遍性行为，新闻里一些极端行为毕竟是极少数，而且这种情况不是现在才有，以前也有，只不过没有被放在聚光灯下放大看而已。什么时代都有好人，什么时代都有坏人，现在的人受教育程度更高，相对而言犯罪率、家暴率会更低。比起以前，现在的环境要好很多，对女性要友好很多。那是什么导致女性恐婚恐育？看到更广阔的天空之后被拉回去做全职主妇，被压在井底的恐惧，为整个家庭牺牲的恐惧。01受过教育的女性，走到了更高的层次，见到了更大的城市，知道了新时代下自由女性是什么样的，她们不愿意再回到传统的“相夫教子”的模式。但是，中国男人的思维还没有转变过来，人都是利己的，不管什么东西都要朝着利己的方向走。对于男人而言，女性受更高层次的教育对他们不一定多有利，他们更愿意女人相夫教子，他们更愿意找一个有时间照顾孩子的女人结婚，所以教师这个职业就成为了女人最优先选择的职业之一，有编制的教师简直就成为了女性的黄金职业。男人找对象最优先选的就是教师，小学教师大部分都是女性，初、高中的教师也是女性居多。教师成为了黄金太太。她们虽然不是全职太太，但却是最有时间顾家的太太，教师也是最难走出去的职业，除了辞职，很多教师基本上就在一所学校干到退休，她们不再有进步，不再有其他选择，她们唯一的选择就是安分、踏实、顺从现状。这就是婚恋市场最受男人欢迎的女性职业。02这揭露了我们文化当中蕴含的传统、守旧、束缚。30年前的女性很能忍，很能牺牲自我，很愿意做家庭主妇，她们根本就没有多余的想法。她们没受过多少教育，只是把生孩子这件事当作是女性的必修课，而不是因为自己的生活状态达到了一个比较理想的状态，生孩子对自己是一个顺其自然的事情。生完孩子之后，接下来的整个人生都是孩子，从孩子喝奶的时候就开始期待未来，等孩子走路了就轻松了，等孩子上学了就好了，等孩子上大学了就放心了，等孩子结婚之后心里的石头就落地了，等孙子/外孙出生就能安心了，等带到孙子/外孙上学了就舒坦了，等到死的那一天还在期待美好的未来，最终就死在了美好来临的路上。中国人结婚前后的生活有着巨大的差异，生孩子前后的差异更加是大到很多人无法接受，尤其是在巨大压力之下结婚生子，几乎可以和生活质量严重下降划上等号。结婚几乎就是相当于生孩子，结婚不生子，在别人眼里，你就是身体有问题，赶紧挂个男科/妇科看看。在父母眼里更加是无法接受，你不生孩子就是有罪过，我人生今生的期望就是带孙子/外孙，你不生孩子就是不孝。多重心理压力、环境压力之下，没多少人能扛得住，最后还是在不恰当的时间生了孩子，过着勉强维持的生活，每天面对的就是糟心的柴米油盐。人已经变了，不愿意牺牲了，受教育程度高了，向往更美好的生活，向往自由、向往独立，不愿成为父母的期待，也不愿意成为婚姻和孩子的牺牲品了。——END——每个人都有活得明白的权力！关注我的公众号【浮游千里】，带你洞察人性，看透人生规律，从容面对生活。欢迎加我咨询，用一针见血的方式，点透你的情感烦恼、职场困境、求学困惑。,“不婚不育保平安”，男女对立制造了多大的焦虑和恐慌？ 男女对立造成了一定的影响，但不是女性恐婚恐育最重要的因素，想谈恋爱的照样在谈，想结婚的照样结了，想生育的照样生了。 不要拿极端的例子当普遍性行为，新闻里一些极端行为毕竟是极少数，而且这种情况不是现在才有，以前也有，只不过没有被放在聚光灯下放大看而已。什么时代都有好人，什么时代都有坏人，现在的人受教育程度更高，相对而言犯罪率、家暴率会更低。 比起…,2023-09-03 07:50:15,2023-09-03 07:50:15,2023-09-03 07:50:15,浮游千里,zhou-yuan-91-96,,1016,5,0,7,恐婚恐育,婚育决策,https://www.zhihu.com/question/611197064/answer/3195219371,2026-06-23 16:07:44
3195219743,538086575,为什么现在女生普遍恐婚恐育这件事?,“不婚不育保平安”，男女对立制造了多大的焦虑和恐慌？男女对立造成了一定的影响，但不是女性恐婚恐育最重要的因素，想谈恋爱的照样在谈，想结婚的照样结了，想生育的照样生了。不要拿极端的例子当普遍性行为，新闻里一些极端行为毕竟是极少数，而且这种情况不是现在才有，以前也有，只不过没有被放在聚光灯下放大看而已。什么时代都有好人，什么时代都有坏人，现在的人受教育程度更高，相对而言犯罪率、家暴率会更低。比起以前，现在的环境要好很多，对女性要友好很多。那是什么导致女性恐婚恐育？看到更广阔的天空之后被拉回去做全职主妇，被压在井底的恐惧，为整个家庭牺牲的恐惧。01受过教育的女性，走到了更高的层次，见到了更大的城市，知道了新时代下自由女性是什么样的，她们不愿意再回到传统的“相夫教子”的模式。但是，中国男人的思维还没有转变过来，人都是利己的，不管什么东西都要朝着利己的方向走。对于男人而言，女性受更高层次的教育对他们不一定多有利，他们更愿意女人相夫教子，他们更愿意找一个有时间照顾孩子的女人结婚，所以教师这个职业就成为了女人最优先选择的职业之一，有编制的教师简直就成为了女性的黄金职业。男人找对象最优先选的就是教师，小学教师大部分都是女性，初、高中的教师也是女性居多。教师成为了黄金太太。她们虽然不是全职太太，但却是最有时间顾家的太太，教师也是最难走出去的职业，除了辞职，很多教师基本上就在一所学校干到退休，她们不再有进步，不再有其他选择，她们唯一的选择就是安分、踏实、顺从现状。这就是婚恋市场最受男人欢迎的女性职业。02这揭露了我们文化当中蕴含的传统、守旧、束缚。30年前的女性很能忍，很能牺牲自我，很愿意做家庭主妇，她们根本就没有多余的想法。她们没受过多少教育，只是把生孩子这件事当作是女性的必修课，而不是因为自己的生活状态达到了一个比较理想的状态，生孩子对自己是一个顺其自然的事情。生完孩子之后，接下来的整个人生都是孩子，从孩子喝奶的时候就开始期待未来，等孩子走路了就轻松了，等孩子上学了就好了，等孩子上大学了就放心了，等孩子结婚之后心里的石头就落地了，等孙子/外孙出生就能安心了，等带到孙子/外孙上学了就舒坦了，等到死的那一天还在期待美好的未来，最终就死在了美好来临的路上。中国人结婚前后的生活有着巨大的差异，生孩子前后的差异更加是大到很多人无法接受，尤其是在巨大压力之下结婚生子，几乎可以和生活质量严重下降划上等号。结婚几乎就是相当于生孩子，结婚不生子，在别人眼里，你就是身体有问题，赶紧挂个男科/妇科看看。在父母眼里更加是无法接受，你不生孩子就是有罪过，我人生今生的期望就是带孙子/外孙，你不生孩子就是不孝。多重心理压力、环境压力之下，没多少人能扛得住，最后还是在不恰当的时间生了孩子，过着勉强维持的生活，每天面对的就是糟心的柴米油盐。人已经变了，不愿意牺牲了，受教育程度高了，向往更美好的生活，向往自由、向往独立，不愿成为父母的期待，也不愿意成为婚姻和孩子的牺牲品了。——END——每个人都有活得明白的权力！关注我的公众号【浮游千里】，带你洞察人性，看透人生规律，从容面对生活。欢迎加我咨询，用一针见血的方式，点透你的情感烦恼、职场困境、求学困惑。,“不婚不育保平安”，男女对立制造了多大的焦虑和恐慌？ 男女对立造成了一定的影响，但不是女性恐婚恐育最重要的因素，想谈恋爱的照样在谈，想结婚的照样结了，想生育的照样生了。 不要拿极端的例子当普遍性行为，新闻里一些极端行为毕竟是极少数，而且这种情况不是现在才有，以前也有，只不过没有被放在聚光灯下放大看而已。什么时代都有好人，什么时代都有坏人，现在的人受教育程度更高，相对而言犯罪率、家暴率会更低。 比起…,2023-09-03 07:50:33,2023-09-03 07:50:33,2023-09-03 07:50:33,浮游千里,zhou-yuan-91-96,,1016,0,0,2,恐婚恐育,婚育决策,https://www.zhihu.com/question/538086575/answer/3195219743,2026-06-23 16:07:47
3225056737,618905394,为什么大家都开始恐婚恐孕了？,不是都开始，是早就开始恐婚恐育了。如果你有去查看数据就会发现现在生孩子的还是那一代人，多为七零、八零后，其实到了九零后出生率九已经很低了，更不要说00后，本人属于00后，并没有结婚怀孕的一个想法。目前是这样。首先，彩礼问题 ‍♀️ ，不要提什么男女对立，地域是有区别，但是最重要的是因为找不到一个合适的人，在父母那辈好多人都是相亲，相当于延续了传统，但是按照现在的一个婚恋情况来说，其实对于年轻人或者说想要结婚的人来说，非常不友好，可以去多看一些问题的回答，这边不想再提。其次，大部分人是无法拿出一个全款房的资金，但是有需要还贷，怎么办？结婚，彩礼借，婚后男方还房贷，女方钱养家，女方要求加名，不可能，从一开始就算计好了，或者说离婚，女方什么也没有，现在的婚姻法对女性一点也不友好，这个知乎上面也有帖子，可以去看。再者，性别歧视，对于已婚已育女性的一个歧视，就差明摆着要孩子还是要工作，女性结婚就变成了一个家庭主妇，然后呢，丈夫不作为，一个女性在成为妈妈前，她首先是成为她自己，而不是用谁谁的妻子，谁说过的妈妈来代替她。最后是女性的一个觉醒之路。想要提高生育其实真的很简单，物化女性，降低女性的学习，或者说回归原来从她出生给她灌输你这一辈子就是要给某某家留个后，还必须是男孩 。一边想要女性生育，一边又想要女性工作，一边还希望娶的妻子可能像妈妈 一样用心，一边要求女性顾家，一边又要求女性工资不能比他高，在搞笑吧 。哈哈哈哈哈哈哈，有脸吗？针对部分男性，不要对号入座！讨厌网络暴力，发表自我见解。这边是从女性角性 写的，如果有心人可以写男性角度，大力支持，第一版文字比较粗糙，有人看会继续修改。,不是都开始，是早就开始恐婚恐育了。如果你有去查看数据就会发现现在生孩子的还是那一代人，多为七零、八零后，其实到了九零后出生率九已经很低了，更不要说00后，本人属于00后，并没有结婚怀孕的一个想法。目前是这样。 首先，彩礼问题 ‍♀️ ，不要提什么男女对立，地域是有区别，但是最重要的是因为找不到一个合适的人，在父母那辈好多人都是相亲，相当于延续了传统，但是按照现在的一个婚恋情况来说，其实对于年轻人或者说…,2023-09-24 14:53:34,2023-09-24 14:53:34,2023-09-24 14:53:34,嫵嬩,wu-yu-63-97-17,任物自在，无为而化。,2008,1,0,2,恐婚恐育,婚育决策,https://www.zhihu.com/question/618905394/answer/3225056737,2026-06-23 16:07:50
3336365024,611595392,为什么现在很多女孩子会恐婚恐育呢？,现代社会中，越来越多的女孩子存在恐婚恐育的情绪，这背后有很多复杂的原因。以下是一些可能的原因及其带来的影响：1. 独立意识的增强：随着女性在社会、经济和政治领域的地位不断提高，她们越来越注重个人的选择和生活方式。这种独立意识使得许多年轻女性更倾向于追求事业和个人成就，而不是被婚姻和家庭所束缚。2. 高离婚率和社会压力：在一些地区，高离婚率和不良的婚姻经历使一些人对婚姻持有怀疑态度。此外，社会的舆论压力也可能让某些女生感到担忧，例如网络上充斥着各种关于婚姻不幸、家暴等负面信息，导致他们对未来充满恐惧。3. 个人发展的优先级提高：现在的女性更加重视个人成长和发展，以及实现自我价值的机会。相比之下，传统的观念往往将女性的角色定位在家庭和孩子身上，限制了个人的发展和机会。因此，更多的女性认为单身更能专注于自己的事业、兴趣爱好和个人发展。4. 经济独立的信心增加：如今的女性生活更加独立和经济独立，她们更有能力养活自己和承担生活的责任。这种自信和对经济的掌控使得一些人觉得没有男人也可以过得很好，没有必要去寻找一个伴侣或者结婚来维持生计。5. 对生育疼痛和责任的忧虑：对于一部分女性和其家庭来说，怀孕分娩的过程可能会带来很大的痛苦和高风险。同时，成为母亲也意味着要承担起一系列的责任和教育子女的义务。这些因素可能导致人们对婚姻与育儿的恐惧感日益增长。6. 环境因素的影响：社交媒体和文化作品中经常传递有关婚姻不幸、出轨等现象的信息，这些负面影响加上现实中的耳濡目染可能会导致部分女性产生对婚姻的不信任感和焦虑情绪。7. 教育程度的提高：受教育程度较高的女性通常更容易接触到关于婚姻失败或家庭暴力等方面的信息和案例研究。这些负面的经验会使她们更加谨慎地对待婚姻的选择并考虑到未来的可能性。8. 社会期望的压力：有时来自家人和朋友的社会期望也会给那些不想步入婚姻的女性施加一定的压力。特别是在传统文化背景下长大的女性，当周围的人都在谈论结婚生子和幸福家庭时，很容易感受到无形的压力而产生恐惧感。9. 人格特质的影响：有些人天生就比较内向或是喜欢独处的生活方式。这些人可能更适合享受独自生活所带来的自由和平静，而不愿受到婚姻关系的约束和纷扰。综上所述，造成女孩们恐婚恐育的原因是多方面的综合结果。每个人都有各自的想法和价值观，因此在面对婚姻这个重要的人生抉择时需要充分考虑自身的感受和能力，并在必要时寻求专业人士的建议和理解支持克服困难做出适合自己的决定。,现代社会中，越来越多的女孩子存在恐婚恐育的情绪，这背后有很多复杂的原因。以下是一些可能的原因及其带来的影响： 1. 独立意识的增强：随着女性在社会、经济和政治领域的地位不断提高，她们越来越注重个人的选择和生活方式。这种独立意识使得许多年轻女性更倾向于追求事业和个人成就，而不是被婚姻和家庭所束缚。 2. 高离婚率和社会压力：在一些地区，高离婚率和不良的婚姻经历使一些人对婚姻持有怀疑态度。此外，社会的舆论压…,2023-12-23 17:34:49,2023-12-23 17:34:49,2023-12-23 17:34:49,智屿,zhuang-liao-huai-79-15,"AI行业从业者｜知识分享者
专注AI干货",16,1,0,3,恐婚恐育,婚育决策,https://www.zhihu.com/question/611595392/answer/3336365024,2026-06-23 16:07:51
3558033688,440810980,当代年轻人恐婚恐育算是贩卖焦虑的一种吗?,在这个快节奏与高压力并存的时代，生育话题如同一块沉重的巨石，压在无数年轻人的心头。结婚、生娃……是每个初入社会年轻人不能回避的话题。而真的进入婚姻、要孩子则不少是不那么真挚健康的理由：有的为了反抗父母而不要孩子；有的因为原生家庭创伤不愿与异性接触；有的虽然并不想生育，但考虑到工作和人生发展阶段，掐着时间要孩子；有的为了证明自己的生育能力而要孩子；有的没有顶住长辈“催生”的压力而要孩子；还有的因为对婚姻感到失望而要孩子，想借此改善关系……当下年轻人不被理解多少想大声疾呼：是渴望自己的恐惧和担忧被看见、被尊重、被理解，是期待自己被挤占和压抑的内心能够被归还、被救赎。悦芝林的《生育焦虑：恐惧婚姻的一代》宛如一束穿透迷雾的光，不仅可以照亮“生育焦虑”的深层角落，还可以引领无数恐婚恐育者踏上一场自我松绑的旅程。《生育焦虑：恐惧婚姻的一代》是悦芝林的力作，深入探讨了现代社会中年轻人对婚姻和生育的恐惧与焦虑。悦芝林，国家认证二级心理咨询师，长期从事个体心理咨询工作，积累了大量个案，关注女性心理相关问题。本书通过大量生动的个案，深入剖析了生育焦虑的多元成因。悦芝林指出，我们抗拒的，或许并非生育本身，而是那些被社会、家庭和自我期望层层包裹的束缚与恐惧。她以温柔而坚定的态度，引导读者探索自己的内心世界，逐步缓解焦虑情绪，激活感受幸福的能力。书中有不少两点让人记忆犹新：1. 原生家庭的影响悦芝林详细剖析了原生家庭如何以“爱的名义”施加无形压力，缺乏边界感的养育方式如何让人在成年后依旧难以摆脱对自我价值的迷茫与质疑。2. 婚育观念的传统枷锁书中探讨了婚育观念的传统枷锁如何将个体的选择与自由紧紧束缚，让人在“应该”与“想要”之间徘徊不定。3. 自我关怀的重要性悦芝林强调了自我关怀的重要性，提醒我们要记得照顾好自己的身心需求，通过自我对话、情绪管理、心理边界的建立等方式，逐步缓解焦虑情绪。总的来说，《生育焦虑：恐惧婚姻的一代》不仅是对个体生育焦虑的深刻剖析，更是对当下社会文化与个体心理之间复杂关系的深刻反思。阅读这本书，仿佛经历一场心灵洗礼，让我们看到困扰背后的真相与希望。愿我们都能勇敢地拥抱自由、释放生命潜力、追寻属于自己的幸福。最终决定我们人生走向的，永远是我们自己内心的声音与选择。每个人都有权利表达自己的感受，并且寻求理解和支持。你不是孤单一人，总有人愿意倾听和理解你的故事。接受自己，找到问题症结……婚姻也好，生育也好，都是我们必须要面对的路。本文使用 文章同步助手 同步,在这个快节奏与高压力并存的时代，生育话题如同一块沉重的巨石，压在无数年轻人的心头。 [图片] 结婚、生娃…是每个初入社会年轻人不能回避的话题。而真的进入婚姻、要孩子则不少是不那么真挚健康的理由： 有的为了反抗父母而不要孩子；有的因为原生家庭创伤不愿与异性接触；有的虽然并不想生育，但考虑到工作和人生发展阶段，掐着时间要孩子；有的为了证明自己的生育能力而要孩子；有的没有顶住长辈“催生”的压力而要孩子；还有的…,2024-07-10 16:39:50,2024-07-10 16:39:50,2024-07-10 16:39:50,子淡,liu-jin-bo-11,,7010,0,0,0,恐婚恐育,婚育决策,https://www.zhihu.com/question/440810980/answer/3558033688,2026-06-23 16:07:54
3576205220,662767105,为什么会恐婚恐育？,恐婚恐育？或许周边环境和人脉里，都是负面案例。或许原生家庭的悲惨印记……亦或是，自身的初体验，留有淤青。自在的生活吧！婚姻也好，生育也罢！顺其自然，才会有个好的机缘。不然就是为了一个结果，再缔结另外一个因果……顺应内心的决定，恐惧就缓缓，平和再去结缘。一切都会顺遂起来！,恐婚恐育？或许周边环境和人脉里，都是负面案例。或许原生家庭的悲惨印记…亦或是，自身的初体验，留有淤青。 自在的生活吧！婚姻也好，生育也罢！顺其自然，才会有个好的机缘。不然就是为了一个结果，再缔结另外一个因果… 顺应内心的决定，恐惧就缓缓，平和再去结缘。一切都会顺遂起来！,2024-07-28 07:38:32,2024-07-28 07:38:32,2024-07-28 07:38:32,Sabarina,sabarina-72,,2,3,0,0,恐婚恐育,婚育决策,https://www.zhihu.com/question/662767105/answer/3576205220,2026-06-23 16:07:56
3588544095,663713196,怎么看待零零后恐婚恐育？,就我个人来说，我对婚姻的所有看法来源于日常爸妈的相处和其他我所能真是看到的现象。可以认可的一点是，真的在目前网络活跃的情况下，包括我爸妈在内的所有亲戚和朋友的相处，都没有达到我想象当中的状态。甚至在他们提起这个话题的时候，我也会选择性回避。恐婚是因为能够从始至终完美和谐的婚姻太少，恐育是因为女性所承受的痛苦和责任太大。不管是男生还是女生，心理状态太过于成熟就会导致目标越来越清晰，我想要的和你希望我想要的是不同的两样东西。所以，在可观测到的痛苦和能感知的未来生活双重影响下，除非有一个能够打破所有不可思议想法的人出现。我才会去慢慢考虑要不要继续人生的下一阶段。,就我个人来说，我对婚姻的所有看法来源于日常爸妈的相处和其他我所能真是看到的现象。 可以认可的一点是，真的在目前网络活跃的情况下，包括我爸妈在内的所有亲戚和朋友的相处，都没有达到我想象当中的状态。 甚至在他们提起这个话题的时候，我也会选择性回避。 恐婚是因为能够从始至终完美和谐的婚姻太少，恐育是因为女性所承受的痛苦和责任太大。不管是男生还是女生，心理状态太过于成熟就会导致目标越来越清晰，我想要的和你…,2024-08-08 18:36:04,2024-08-08 18:36:04,2024-08-08 18:36:04,嘉禾,2-82-82-23-95,主打一个想写不想写的发疯,1,2,0,0,恐婚恐育,婚育决策,https://www.zhihu.com/question/663713196/answer/3588544095,2026-06-23 16:07:58
3621815958,654947124,男性真的会恐婚吗缘由是什么?,某社会学家做过相关问卷，男性80%恐婚，女性40%恐婚，男性恐婚原因：理智战胜欲望，实际承担的责任和风险远大于收益，因为国内女性伸手要的太多（特别是高价彩礼，索要情绪价值，各种各要的要求，既要又要导致现在连舔狗都基本消失了），男人已经负担不起，男人是被社会压迫的最多的活得最累的一类人，特别是中等或者穷人家庭男孩尤为悲惨因为从小就肩负使命，结果努力了一辈子啥也不是，一年工资不如人家官二代，富二代随便几天的零花钱。阶级固化导致男人怎么努力也看不到头，活着已经很累了，自然就不想结婚，不想为了一些欲望而当牛做马一辈子。人民代表大会制度，代表发声的全是社会精英，社会上缺少绝大多数底层男性的声音，这样是极度威胁社会稳定的。女性恐婚的原因普遍是怀孕，生孩子，或者怕男人家暴，抽烟喝酒等其他小概率事件，这些婚前擦亮眼睛就可以避免。婚姻是女人的退路，实际上婚姻法大部分是保护女性权益的，结婚最大受益人是女方，这一点很多女人也知道，而女权主义盛行会损害大多数女人的权益，因为过头了，就会砸烂女人饭碗，男人摆烂，不再相信婚姻，你求着男人结婚都不可能，就像法国日本一样，真正想结婚的都是女性。,某社会学家做过相关问卷，男性80%恐婚，女性40%恐婚，男性恐婚原因：理智战胜欲望，实际承担的责任和风险远大于收益，因为国内女性伸手要的太多（特别是高价彩礼，索要情绪价值，各种各要的要求，既要又要导致现在连舔狗都基本消失了），男人已经负担不起，男人是被社会压迫的最多的活得最累的一类人，特别是中等或者穷人家庭男孩尤为悲惨因为从小就肩负使命，结果努力了一辈子啥也不是，一年工资不如人家官二代，富二代随便几天…,2024-09-10 15:34:21,2024-09-10 15:34:21,2024-09-10 15:34:21,暖树,nuan-shu-65-83,,4,89,13,3,恐婚恐育,婚育决策,https://www.zhihu.com/question/654947124/answer/3621815958,2026-06-23 16:08:01
3623454559,663373503,为什么当代年轻人越来越不想结婚和生孩子？,四个字“因为网络”。不知道大家有没有发现，不婚不育思潮的兴起，大体上和我国互联网的高速发展时期一致。这是巧合吗？我认为是必然。现在的年轻人懂得很多，很多20岁出头的姑娘小伙说起恐婚恐育来那是一个头头是道，觉得自己不愧为新时代的独立青年，同时看不起那些已经婚育或者想要婚育的人，以至于类似“我都不明白现在还有谁在结婚”的言论可以获赞无数。但仔细想想，他们的想法和言论其实也是深受互联网的影响。互联网有个特点，那就是负面消息传播得比正面消息快，并且还会根据你的搜索情况给你推送爱看的内容。如果有以下两条新闻：1，90后夫妻生活幸福，30岁已生育二胎2，30岁美女硕士遭遇家暴，带着女儿不敢离婚你说哪条更有流量？然后他们在一条又一条的推送中，不断强化“婚育糟糕透了”的想法，把小概率事件当成普遍情况，对于婚育只谈弊不谈利，还和其他有同样想法的人在网络上大搞团建，以至于觉得这是人间真理。同时他们还通过互联网看到了向往的生活，觉得没有豪宅名车就不能结婚，没有国际学校名牌衣服就不能生娃，但自己的能力和欲望又不匹配，天天说阶级已经固化，努力也没用，于是只能选择绝育。可是这些“人间真理”里，哪一条不是受别人的影响？哪一条是自己实践体验得出的结论？接受的信息太多，实践太少，才是现在年轻人不愿意婚育的根本原因。,四个字“因为网络”。 不知道大家有没有发现，不婚不育思潮的兴起，大体上和我国互联网的高速发展时期一致。这是巧合吗？我认为是必然。 现在的年轻人懂得很多，很多20岁出头的姑娘小伙说起恐婚恐育来那是一个头头是道，觉得自己不愧为新时代的独立青年，同时看不起那些已经婚育或者想要婚育的人，以至于类似“我都不明白现在还有谁在结婚”的言论可以获赞无数。 但仔细想想，他们的想法和言论其实也是深受互联网的影响。互联网…,2024-09-12 07:38:13,2024-09-12 07:38:13,2024-09-12 07:38:13,Mono,monotype,情绪比事实有力量，极端比客观有流量,5892,15,99,0,恐婚恐育,婚育决策,https://www.zhihu.com/question/663373503/answer/3623454559,2026-06-23 16:08:04
3754671502,682215618,为啥现在年轻人都会恐婚恐育了，不结婚单身真的好！?,在不同的年龄可能每个人的想法不同。有的年轻人想着就是自由，拼搏，觉得金钱比伴侣更能带来安全感。有的年轻人受到一些负面的婚姻新闻的影响，选择不婚。有的年轻人在自己的原生家庭中看到父母婚姻的不幸也会选择不结婚。现实中此种情况较多，尤其是对女孩子。其实年轻人也不是不渴望爱情，而是现实太现实。,在不同的年龄可能每个人的想法不同。 有的年轻人想着就是自由，拼搏，觉得金钱比伴侣更能带来安全感。 有的年轻人受到一些负面的婚姻新闻的影响，选择不婚。 有的年轻人在自己的原生家庭中看到父母婚姻的不幸也会选择不结婚。现实中此种情况较多，尤其是对女孩子。 其实年轻人也不是不渴望爱情，而是现实太现实。,2024-09-29 03:35:47,2024-09-29 03:35:47,2024-09-29 03:35:47,杰西妈妈说育儿,andrea-wang-29-83,家庭教育，情感疏导，婚姻问题，个人提升。,61,1,0,0,恐婚恐育,婚育决策,https://www.zhihu.com/question/682215618/answer/3754671502,2026-06-23 16:08:06
19734104896,2715523183,如何看待人口学家称反婚反育言论泛滥成灾，严重危害公共利益和国家人口安全？,问题是我提的，主要目的是引发大家的讨论和思考。就我的观点来说，这个说法对，却也不对。对说对，是因为这个说法比较直接地展示了目前人口困境持续的后果。虽然全社会因近年来的人口形势变化，已经基本改变了所谓“中国人能生”的认识而基本接受了低生育的事实，但大多数人实际上依然并不清楚若目前高速老龄化与极低生育持续下去，在人口学上将造成怎样的后果。我认真地看了前天在我的一个回答的评论区里的几乎所有回复。我发现，其中的多数人依然以为老龄化问题只会发作一段时间，只是一种“阵痛”，“过去”就好了；多数人认为，现在高度老龄化、低生育与人口总量面临大幅衰减的情况，正是计划生育政策的初衷，这一切都是被设计好的，因此没有必要多做些什么；还有人认为自己可以轻易摆脱大环境的影响，而不必因为社会整体的老龄化多增加负担。这就表明，在人口问题方面，社会在很大程度上依然相当于是在蒙着眼睛前行，大部分人依然严重地受到过去计生错误宣传的误导，也不清楚若不加干预、使目前情况长期持续下去的人口学后果是什么。实际上，越是极端的低生育，将来的老龄化也越是极端高。老龄化是人口结构问题，老龄化升高后将会长期持续，保持老龄化高原而绝难有“快速过峰”的机会。老龄化的人口学后果，就是社会总体负担过重。可以说虽然将来人口总量要衰减到十四亿、十三亿乃至十亿以下，但社会的总体负担将比十四亿的现在还重得多，将更不利于创新创造，社会创造的一大部分财富将只能用于养老，代际差距等社会矛盾也将被成倍放大。在超级老龄化环境里，养老负担将分摊到所有劳动年龄人口，这种负担是不可选择承受或不承受的。作为老龄化的先行者，日本的群体压力与个体悲剧，已经足够多。所以，如果我们的社会真的成为了反婚反育的社会，公共利益必然得不到保障；一个50%-60%人口在60岁以上、人口总量在不快速衰减的国家，面临的却是周边因人口崛起形成的大国，确实谈不上什么人口安全。不对说不对，是因为这一类反婚反育言论更像是化学反应中的催化剂，它并不参与反应，并不改变反应的结果，只是起到了加速形成共识的作用。所以真正危害公共利益和国家人口安全的，是参与反应、导致形成共识的那一部分。或者直截了当地说，是对20-35岁生育适龄人口形成明显不利影响的现实困境。打开人口普查统计年鉴资料，我们就能发现，在人口普查资料长表部分的目录正是按人的成长过程排序，先是教育，其次是就业，再次才是婚姻与生育。所以，反婚反育也好，恐婚恐育也罢，这样的言论能够得到市场甚至有占领舆论之势，是因为在婚育前序阶段的问题没有得到妥善解决，压力都交由家庭承担。对于个体来说，即便清楚地了解了长期低生育的人口学后果，但做决策也必然要先考虑个人的得失，先算自家的账。从国家安全的角度出发，是“有国才有家”，但从人口角度，反而是“有家才有国”，是“存地失人，人地皆失”，正是微观上家庭的少育甚至不育导致了目前整体上的极低生育状况，这又将在未来形成整体上更严重的老龄化压力，导致家庭面临更高的抚养比，进一步压低生育意愿。人口方面的“有家才有国”意味着，如果不做任何干预，单纯指望个体意识到整体的人口困境就愿意多生育，是不可能的。因为家庭的能力太有限了，家庭只能调节自己的微观，调节不了整体的宏观。所以必须在个人得失和自家的账方面开展干预，先缓解微观家庭的燃眉之急和长远忧虑，才能有希望让家庭作出多生育的决策。所以，不但单纯把生育困境归咎于“反婚反育言论”是不对的，并且将其归咎于个体的“自私”与“觉悟不够”也是不对的。因悲观预期减少生育，本质上是个体为了避免后果更严重的单输结果，而被动地选择后果稍轻但更不可挽回的满盘皆输结果。最大的责任实际在于宏观的不作为、在于宏观层面没有及时提供援助性的干预，而不是被动接受现实的微观层面的家庭。,问题是我提的，主要目的是引发大家的讨论和思考。 就我的观点来说，这个说法对，却也不对。对说对，是因为这个说法比较直接地展示了目前人口困境持续的后果。 虽然全社会因近年来的人口形势变化，已经基本改变了所谓“中国人能生”的认识而基本接受了低生育的事实，但大多数人实际上依然并不清楚若目前高速老龄化与极低生育持续下去，在人口学上将造成怎样的后果。我认真地看了前天在我的一个回答的评论区里的几乎所有回复。我发…,2024-10-31 12:57:48,2024-10-31 12:57:48,2024-10-31 13:00:23,古都闲云,gududatong,用数据、逻辑和经济理性看透复杂现象。,73483,1018,415,65,恐婚恐育,婚育决策,https://www.zhihu.com/question/2715523183/answer/19734104896,2026-06-23 16:08:08
38831771453,4773782549,如何看待00后恐婚恐育?,动不动就是上价值，一会价值观，一会甚至要你货真价实的Money，现在孩子懂得太多，甚至他在思考结婚这件事上会去b站，百度，AI各种地方收集资料，权衡利弊，大家都不是笨蛋哪个00后会喜欢，大家都喜欢顺其自然，大家都有自己的思考,动不动就是上价值，一会价值观，一会甚至要你货真价实的Money，现在孩子懂得太多，甚至他在思考结婚这件事上会去b站，百度，AI各种地方收集资料，权衡利弊，大家都不是笨蛋 哪个00后会喜欢，大家都喜欢顺其自然，大家都有自己的思考,2024-11-23 08:56:21,2024-11-23 08:56:21,2024-11-23 08:56:21,番茄,summer-32-63-54,,1,1,0,0,恐婚恐育,婚育决策,https://www.zhihu.com/question/4773782549/answer/38831771453,2026-06-23 16:08:11
49209172972,588264354,为什么女生现在越来越恐婚恐孕？,"之前看到过一个高赞回答：“因为结婚，意味着有干不完的活,睡不够的觉,养不起的娃,操不完的心。”这段话道尽了女人的心酸和泪水，在家庭中的付出和忍受。个人认为：结婚还好，不轻易怀孕，就是对生命的尊重。前段时间看了个纪录片《生门》记录了2014年湖北武汉大学中南医院妇产科十几个孕妇相关的故事。小小的产房，就像个镜子，折射出社会家庭各方面的问题。《生门》第一季出现的刘丽怀孕40周，胎死腹中。因为失血过多，被送到医院急救。因为做手术有大出血，甚至有不能再怀孕的风险，需要家属签字。但刘丽未婚先孕，死活不肯告诉护士家属的联系方式。实在是没有办法，院方不得已打了110，在第三方证明下做了手术。晚上刘丽的男友赶到医院，交了一点点钱后就消失了。刘丽再打过去，已经关机，只能求助朋友才能把手术费结清。我当时看到这一幕，真的为刘丽感到不值，这个纪录片也在警醒我们女性，不要轻易怀孕，就是对生命的负责。因为付出的代价，往往是你无法承受得住的。而在看到胡敏的故事后，我就更加坚信这一点。胡敏怀孕33周，是个精神分裂症患者。智力受损，拒不配合治疗，让医生非常难做。她老公智力也有问题，两人根本无法自理，全家只能靠婆婆忙上忙下。真想不明白，连自己都不懂照顾的人，怎么能轻易让她怀孕呢？即使繁衍后代是本能，但也要尊重人权，尊重生命。一个女人不轻易怀孕，既是高级的自律，更是对生命的负责。","之前看到过一个高赞回答：“ 因为结婚，意味着有干不完的活,睡不够的觉,养不起的娃,操不完的心。”这段话道尽了女人的心酸和泪水，在家庭中的付出和忍受。个人认为：结婚还好，不轻易怀孕，就是对生命的尊重。 前段时间看了个纪录片《生门》记录了2014年湖北武汉大学中南医院妇产科十几个孕妇相关的故事。 [图片] 小小的产房，就像个镜子，折射出社会家庭各方面的问题。 《生门》第一季出现的刘丽怀孕40周，胎死腹中。因为失血过多，被…",2024-12-06 07:08:06,2024-12-06 07:08:06,2024-12-06 07:08:06,逍遥过百春,31-43-97-48-13,世人个个学长年，不悟长年在目前,144,0,0,1,恐婚恐育,婚育决策,https://www.zhihu.com/question/588264354/answer/49209172972,2026-06-23 16:08:13
51329994099,6220733569,恐婚恐育怎么办，原生家庭不好，没安全感，女孩子怎么样为自己后半生做好打算和保障?,看不出来，尤其是现在这个年代，人心不知道隔了多少层皮。有时候真的不敢相信人能坏真这种地步，可往往“恶意”总能突破我的想象底线。我相信人是有磁场的，一个人越怕什么越容易吸引到什么。再你自己不够正能量时，千万不要去赌一个人的人心，大概率会吸引到包装好的渣人。原生家庭本来就糟糕了，着急嫁人，不过是狼窝和虎穴的区别。放慢心态，先搞定远离原生家庭，把自己的状态心态调整好，到一线城市生活，积极参加活动，努力学习，找到自己的兴趣爱好，找到自己想要努力的事业方向。别人是不可能手把手教你的，现在老师都没这个耐心，只能你自己去走，走出去，走上路，走出自己的路。等你整个人充实了，事业有成，摆脱解决原生家庭的问题，有底气的你自然会吸引到正确的人。,看不出来，尤其是现在这个年代，人心不知道隔了多少层皮。 有时候真的不敢相信人能坏真这种地步，可往往“恶意”总能突破我的想象底线。 我相信人是有磁场的，一个人越怕什么越容易吸引到什么。 再你自己不够正能量时，千万不要去赌一个人的人心，大概率会吸引到包装好的渣人。 原生家庭本来就糟糕了，着急嫁人，不过是狼窝和虎穴的区别。 放慢心态，先搞定远离原生家庭，把自己的状态心态调整好，到一线城市生活，积极参加活动…,2024-12-09 07:46:00,2024-12-09 07:46:00,2024-12-09 07:46:00,洋洋自得其乐,liu-yang-47-84-14,待业,12,2,1,0,恐婚恐育,婚育决策,https://www.zhihu.com/question/6220733569/answer/51329994099,2026-06-23 16:08:16
1886026561611862875,15396433479,为什么大多数00后恐婚恐育?,因为「缺少与人交往的能力」虽然有些人确实对两性关系冷淡 但对于绝大多数人而言 他们是不排斥一段亲密关系的 很多时候 他们不婚 仅仅是因为他们「没有机会」展开说的话其实也和零零后普遍的独生子女政策以及网络群体的发展有关 因为独生子女政策 他们缺少从小就可以培养的「与年纪差距不大的人一起亲密生活」的能力 而因为网络群体的发展 更多人倾向于在网络中报团 我是九零后 对于我们那个时代的人来说 虽然也是独生子女 但因为没有网络 只能在外面玩 很多小孩是会根据家庭背景以及爱好 结合成一个个现实中的小团体 在这个小团体中磨合摩擦 从而迅速找到自己的位置 培养一种「基于现实」的「交流」能力但零零后已经绝大缺失了这样的契机 很多东西小时候没经历 大了在培养就会产生逆反心理 最后越来越严重,因为「缺少与人交往的能力」 虽然有些人确实对两性关系冷淡 但对于绝大多数人而言 他们是不排斥一段亲密关系的 很多时候 他们不婚 仅仅是因为他们「没有机会」 展开说的话其实也和零零后普遍的独生子女政策以及网络群体的发展有关 因为独生子女政策 他们缺少从小就可以培养的「与年纪差距不大的人一起亲密生活」的能力 而因为网络群体的发展 更多人倾向于在网络中报团 我是九零后 对于我们那个时代的人来说 虽然也是独生子女 但…,2025-03-20 04:09:32,2025-03-20 04:09:32,2025-03-20 04:09:32,知乎用户EQemyY,28-36-71-64-42-84,,190,1,0,0,恐婚恐育,婚育决策,https://www.zhihu.com/question/15396433479/answer/1886026561611862875,2026-06-23 16:08:18
129823998643,15577073733,现在很多年轻人都恐婚恐育，大家如何看待这个问题呢？,婚姻生活开不开心，究其原因，不在于是婚姻（夫妻关系），而在于原生家庭（父母与子女关系）。我这么讲，可能你不太能理解。简单说，就是如果原生家庭问题重重，那么这个人的婚姻生活，是很容易不快乐的。很多人都有一个错误认知：总想通过婚姻，来清算原生家庭的这笔账！这种认知，是很滑稽的。婚姻，可以救赎人，但要看你遇到的是否是良配了，看你遇到的另一半，是怎样的一个人。但原生家庭问题严重的，遇到良配的几率，都会降低的。因为你本身的磁场，就很低，会让那些美好的人，想远离你。之所以人们一碰婚恋，原生家庭问题就会凸显出来，是因为这些问题本身就一直存在的！从小，你被打压、被不平等对待惯了，突然你有了独立思想，想要争取自己的人生时，你家里人不愿意了，因为他们觉得无法掌控你了。这种事，在太多家庭上演了。这还算比较轻的情况。比这恶劣的，有的是。所以，真不是婚姻本身它好不好的事儿，而是原生家庭的问题就会波及到婚姻。因为子女对父母的在意，是天生的，只要父母打底、贬低、不认可子女，就能轻而易举拿捏住子女的情绪。有性格缺陷的父母，很多，（爱的能力）欠缺的父母，也很多。给我感觉就是，心理问题严重的人，真的太多了。这里我要特意Q一下60后，因为60后在我的黑名单里，他们那代人普遍病的严重。（不接受反驳，反驳无效）,婚姻生活开不开心，究其原因，不在于是婚姻（夫妻关系），而在于原生家庭（父母与子女关系）。 我这么讲，可能你不太能理解。 简单说，就是如果原生家庭问题重重，那么这个人的婚姻生活，是很容易不快乐的。 很多人都有一个错误认知：总想通过婚姻，来清算原生家庭的这笔账！ 这种认知，是很滑稽的。 婚姻，可以救赎人，但要看你遇到的是否是良配了，看你遇到的另一半，是怎样的一个人。 但原生家庭问题严重的，遇到良配的几率，…,2025-03-22 15:29:09,2025-03-22 15:29:09,2025-03-22 15:31:45,卡西,na-ge-hai-zi-72,简简单单已是最好,1406,1,0,0,恐婚恐育,婚育决策,https://www.zhihu.com/question/15577073733/answer/129823998643,2026-06-23 16:08:20
